candidate_id,tweet_id,ai_label,ai_reasoning,ai_confidence
CAND_0001,1855971,ARTIST_SUPPORT,ARTIST_SUPPORT — duplicate artist page created after label release; ownership/merge workflow.,HIGH
CAND_0002,2669338,ARTIST_SUPPORT,ARTIST_SUPPORT — creator trying to gain control of own artist profile to change picture.,HIGH
CAND_0003,1398598,ARTIST_SUPPORT,ARTIST_SUPPORT — explicit request to merge two artist profiles referring to the same person (band-name/identity collision).,HIGH
CAND_0004,1993429,ARTIST_SUPPORT,ARTIST_SUPPORT — locked out of own artist page; releases not showing -- creator-side access + release visibility.,HIGH
CAND_0005,800191,ARTIST_SUPPORT,"ARTIST_SUPPORT — creator reporting own single misattributed to another artist page. . Message says 'my single', not genuinely ambiguous creator-vs-listener framing.",HIGH
CAND_0006,1161814,ARTIST_SUPPORT,ARTIST_SUPPORT — verified artist page with no access at all -- creator-side access issue.,HIGH
CAND_0007,672187,ARTIST_SUPPORT,"ARTIST_SUPPORT — creator emailed about adding a picture to own artist page, no response.",HIGH
CAND_0008,2246055,ARTIST_SUPPORT,"ARTIST_SUPPORT — artist asking how to separate their profile/identity from another artist with the same name (band-name collision). . Message explicitly says 'as an artist', not genuinely ambiguous.",HIGH
CAND_0009,1988904,ARTIST_SUPPORT,ARTIST_SUPPORT — creator's own album miscategorized (album listed as single) on their artist page.,HIGH
CAND_0010,1466241,ARTIST_SUPPORT,"ARTIST_SUPPORT — creator reporting an album incorrectly attributed to their own artist page, urgent.",HIGH
CAND_0011,770810,ARTIST_SUPPORT,ARTIST_SUPPORT — artist separation request submitted; asking to move track to correct artist profile.,HIGH
CAND_0012,776162,ARTIST_SUPPORT,ARTIST_SUPPORT — distributor (CDBaby) delivered release but not showing on creator's artist page -- distributor/release workflow.,HIGH
CAND_0013,539176,FEATURE_FEEDBACK,"FEATURE_FEEDBACK — listener wants a specific (joke) track removed from an artist's page -- listener-perspective, not creator-side. customer wants a specific track delisted/reordered for browsing convenience, not because it is missing/wrong -- matches the guide's 'new way to browse/manage content' -> FEATURE_FEEDBACK rule. (Competing intent considered: ARTIST_SUPPORT, CONTENT_CATALOG.)",MEDIUM
CAND_0014,2052421,CONTENT_CATALOG,"CONTENT_CATALOG — listener reporting a misplaced album on an artist's page -- catalog/metadata report, not creator-side management. (Competing intent considered: ARTIST_SUPPORT.)",MEDIUM
CAND_0015,622817,CONTENT_CATALOG,"CONTENT_CATALOG — Third-person phrasing ('May I ask why Dan Black has...') suggests a fan asking about an artist's duplicate profiles rather than the artist self-reporting, so this is read as a listener-perspective CONTENT_CATALOG question. ARTIST_SUPPORT remains genuinely possible if the customer is actually the artist, which cannot be confirmed from the text alone. (Competing intent considered: ARTIST_SUPPORT.)",LOW
CAND_0016,1620802,APP_TECH_ISSUE,"APP_TECH_ISSUE — creator has an artist page, but the actual complaint is a search malfunction (can't find own playlist to add) -- technical, not a profile/metadata issue. (Competing intent considered: ARTIST_SUPPORT, CONTENT_CATALOG.)",MEDIUM
CAND_0017,2883054,CONTENT_CATALOG,"CONTENT_CATALOG — listener confused by cross-artist metadata mixup while browsing -- catalog/metadata issue, not creator-side. (Competing intent considered: ARTIST_SUPPORT.)",MEDIUM
CAND_0018,2623509,ACCOUNT_ACCESS,ACCOUNT_ACCESS — hacked and locked out of password reset + email change -- primary need is regaining access. (Competing intent considered: SUBSCRIPTION_BILLING.),MEDIUM
CAND_0019,1840067,ACCOUNT_ACCESS,"ACCOUNT_ACCESS — hacker actively using account, customer cannot stop them -- primary need is investigating/stopping unauthorized access. (Competing intent considered: SUBSCRIPTION_BILLING.)",MEDIUM
CAND_0020,1579279,ACCOUNT_ACCESS,"ACCOUNT_ACCESS — hacked, email/password changed by attacker -- primary need is access recovery. (Competing intent considered: SUBSCRIPTION_BILLING.)",MEDIUM
CAND_0021,2929248,ACCOUNT_ACCESS,"ACCOUNT_ACCESS — hacked, email replaced, can't log in -- primary need is access recovery. (Competing intent considered: SUBSCRIPTION_BILLING.)",MEDIUM
CAND_0022,2690961,ACCOUNT_ACCESS,"ACCOUNT_ACCESS — hacked, email changed without consent, can no longer log in -- access recovery is primary ask. (Competing intent considered: SUBSCRIPTION_BILLING.)",MEDIUM
CAND_0023,2713292,SUBSCRIPTION_BILLING,"SUBSCRIPTION_BILLING — explicit primary request is to CANCEL the subscription; hacking is the stated blocker, not the ask itself. strong Edge-Case-1 test: cancellation intent should dominate despite hacking being mentioned. (Competing intent considered: ACCOUNT_ACCESS.)",MEDIUM
CAND_0024,1659831,SUBSCRIPTION_BILLING,SUBSCRIPTION_BILLING — hashtag makes an explicit money-back request (#givememumoneyback) alongside the hacking report. informal phrasing; annotator must look past hashtag styling to see the explicit billing ask. (Competing intent considered: ACCOUNT_ACCESS.),MEDIUM
CAND_0025,2641113,ACCOUNT_ACCESS,"ACCOUNT_ACCESS — Hacker changed the customer's subscription plan, but the customer never explicitly asks to reverse/stop that charge — only to report the breach. Per Edge Case 1, the primary requested action (investigate the breach) determines the label, but SUBSCRIPTION_BILLING is a genuinely reasonable alternative reading since a plan change is the concrete harm described. (Competing intent considered: SUBSCRIPTION_BILLING.)",LOW
CAND_0026,2826952,ACCOUNT_ACCESS,"ACCOUNT_ACCESS — Hacker locked the customer out of password reset, and the customer separately mentions being charged — but never explicitly asks for a refund or charge reversal. ACCOUNT_ACCESS is chosen because the explicit blocker is the password-reset failure, but SUBSCRIPTION_BILLING is a reasonable competing read given the billing mention. (Competing intent considered: SUBSCRIPTION_BILLING.)",LOW
CAND_0027,2364820,ACCOUNT_ACCESS,"ACCOUNT_ACCESS — hacked account is the stated problem; 'why don't you have a phone number' is a secondary complaint about support channel, not a feature or billing request. (Competing intent considered: SUBSCRIPTION_BILLING.)",MEDIUM
CAND_0028,2909841,SUBSCRIPTION_BILLING,"SUBSCRIPTION_BILLING — specific disputed charge despite having an active student discount. (Competing intent considered: FEATURE_FEEDBACK, GENERAL_HOW_TO_INFO.)",MEDIUM
CAND_0029,822342,SUBSCRIPTION_BILLING,"SUBSCRIPTION_BILLING — specific billing increase tied to a discount-stacking policy -- disputed charge. (Competing intent considered: FEATURE_FEEDBACK, GENERAL_HOW_TO_INFO.)",MEDIUM
CAND_0030,1342991,SUBSCRIPTION_BILLING,"SUBSCRIPTION_BILLING — subscribed with student discount but paid entitlement (Premium) never activated. (Competing intent considered: FEATURE_FEEDBACK, GENERAL_HOW_TO_INFO.)",MEDIUM
CAND_0031,551330,GENERAL_HOW_TO_INFO,"GENERAL_HOW_TO_INFO — asking about eligibility requirements for the student discount, no disputed charge. (Competing intent considered: FEATURE_FEEDBACK, SUBSCRIPTION_BILLING.)",MEDIUM
CAND_0032,566358,GENERAL_HOW_TO_INFO,"GENERAL_HOW_TO_INFO — asking whether a discount exists for a group, no disputed charge. (Competing intent considered: FEATURE_FEEDBACK, SUBSCRIPTION_BILLING.)",MEDIUM
CAND_0033,1609289,GENERAL_HOW_TO_INFO,"GENERAL_HOW_TO_INFO — asking how to keep getting a discount they are still eligible for, no disputed charge. (Competing intent considered: FEATURE_FEEDBACK, SUBSCRIPTION_BILLING.)",MEDIUM
CAND_0034,2139010,APP_TECH_ISSUE,"APP_TECH_ISSUE — verification pop-up loop when trying to extend a discount -- a technical flow error inside a billing/entitlement workflow, per guide section on technical flow errors. (Competing intent considered: FEATURE_FEEDBACK, GENERAL_HOW_TO_INFO, SUBSCRIPTION_BILLING.)",MEDIUM
CAND_0035,2407029,APP_TECH_ISSUE,"APP_TECH_ISSUE — email 'already in use' error blocking discount signup -- technical flow error, not a pure billing dispute. (Competing intent considered: FEATURE_FEEDBACK, GENERAL_HOW_TO_INFO, SUBSCRIPTION_BILLING.)",MEDIUM
CAND_0036,2407006,FEATURE_FEEDBACK,"FEATURE_FEEDBACK — explicit policy complaint requesting fairness across all customers, not a personal charge dispute. (Competing intent considered: GENERAL_HOW_TO_INFO, SUBSCRIPTION_BILLING.)",MEDIUM
CAND_0037,2154957,FEATURE_FEEDBACK,"FEATURE_FEEDBACK — explicit request that Spotify extend discount policy to a new customer group (veterans). (Competing intent considered: GENERAL_HOW_TO_INFO, SUBSCRIPTION_BILLING.)",MEDIUM
CAND_0038,2360601,FEATURE_FEEDBACK,FEATURE_FEEDBACK — explicit 'bring back' request for a removed cross-playlist shuffle capability. (Competing intent considered: APP_TECH_ISSUE.),MEDIUM
CAND_0039,2647449,FEATURE_FEEDBACK,"FEATURE_FEEDBACK — explicit 'bring back' request for drag-and-drop playlist building, criticizing the new design. (Competing intent considered: APP_TECH_ISSUE.)",MEDIUM
CAND_0040,2422810,FEATURE_FEEDBACK,FEATURE_FEEDBACK — explicit 'bring back' request for a removed artist-song-list view. (Competing intent considered: APP_TECH_ISSUE.),MEDIUM
CAND_0041,1900422,FEATURE_FEEDBACK,FEATURE_FEEDBACK — explicit 'bring back' request for lyrics on desktop. (Competing intent considered: APP_TECH_ISSUE.),MEDIUM
CAND_0042,2891301,FEATURE_FEEDBACK,"FEATURE_FEEDBACK — explicitly reports a capability was deliberately removed by Spotify, not malfunctioning. (Competing intent considered: APP_TECH_ISSUE.)",MEDIUM
CAND_0043,2162619,FEATURE_FEEDBACK,FEATURE_FEEDBACK — explicit 'bring back' request for a past yearly feature (Year in Music). (Competing intent considered: APP_TECH_ISSUE.),MEDIUM
CAND_0044,1990506,APP_TECH_ISSUE,APP_TECH_ISSUE — signup page repeatedly failing -- near-exact match to the guide's own example ('the signup page crashes every time I try to continue'). (Competing intent considered: FEATURE_FEEDBACK.),MEDIUM
CAND_0045,1063177,APP_TECH_ISSUE,"APP_TECH_ISSUE — 'removed' here refers to the customer's own troubleshooting action (reinstalling), not a Spotify design change; playback still broken afterward. (Competing intent considered: FEATURE_FEEDBACK.)",MEDIUM
CAND_0046,2917808,APP_TECH_ISSUE,APP_TECH_ISSUE — capitalized/emotional but fully classifiable as a search malfunction from text alone -- decoy against the 'angry=unknown' trap. (Competing intent considered: UNKNOWN_OTHER.),MEDIUM
CAND_0047,265447,APP_TECH_ISSUE,"APP_TECH_ISSUE — vague 'why can't I do X anymore' framed as loss of a working capability defaults to malfunction per Edge Case 2, absent explicit design-criticism language. (Competing intent considered: FEATURE_FEEDBACK.)",MEDIUM
CAND_0048,1158629,APP_TECH_ISSUE,"APP_TECH_ISSUE — The same account shows fewer catalog entries for one artist on Android than on PS3 — read as a platform-parity technical inconsistency (APP_TECH_ISSUE) rather than the content being genuinely absent, but this exact variant (partial/reduced catalog on one platform, not total absence) is not explicitly covered by the guide's existing CONTENT_CATALOG-vs-APP_TECH_ISSUE examples. (Competing intent considered: CONTENT_CATALOG.)",LOW
CAND_0049,786634,APP_TECH_ISSUE,"APP_TECH_ISSUE — specific artists' tracks fail to play on one device only, work on desktop -- device-specific playback failure, not catalog absence. (Competing intent considered: CONTENT_CATALOG.)",MEDIUM
CAND_0050,1835542,APP_TECH_ISSUE,"APP_TECH_ISSUE — specific tracks won't play on one device model, play fine elsewhere -- playback malfunction, not catalog absence. (Competing intent considered: CONTENT_CATALOG.)",MEDIUM
CAND_0051,2886999,FEATURE_FEEDBACK,FEATURE_FEEDBACK — complaint about irrelevant algorithmic recommendations appearing in Release Radar. (Competing intent considered: CONTENT_CATALOG.),MEDIUM
CAND_0052,2606362,FEATURE_FEEDBACK,FEATURE_FEEDBACK — requests a new capability to view past Discover Weekly playlists. (Competing intent considered: CONTENT_CATALOG.),MEDIUM
CAND_0053,2627896,FEATURE_FEEDBACK,FEATURE_FEEDBACK — explicitly asks for a filter/control over the recommender system's output. (Competing intent considered: CONTENT_CATALOG.),MEDIUM
CAND_0054,1854203,FEATURE_FEEDBACK,FEATURE_FEEDBACK — complains the shuffle algorithm repeats the same songs -- personalization/algorithm behavior complaint. (Competing intent considered: CONTENT_CATALOG.),MEDIUM
CAND_0055,2944,FEATURE_FEEDBACK,FEATURE_FEEDBACK — explicit request to stop a recurring unwanted recommendation pattern (foreign-language suggestions). (Competing intent considered: CONTENT_CATALOG.),MEDIUM
CAND_0056,544585,FEATURE_FEEDBACK,"FEATURE_FEEDBACK — questions/criticizes the recommendation ratio algorithm for an album -- borderline metadata-vs-behavior, resolved toward algorithmic behavior. (Competing intent considered: CONTENT_CATALOG.)",MEDIUM
CAND_0057,2917831,GENERAL_HOW_TO_INFO,GENERAL_HOW_TO_INFO — asking how to unlink an old Facebook connection; account itself is accessible. (Competing intent considered: ACCOUNT_ACCESS.),MEDIUM
CAND_0058,2368021,GENERAL_HOW_TO_INFO,GENERAL_HOW_TO_INFO — asking how to unlink Facebook from account; no access failure stated. (Competing intent considered: ACCOUNT_ACCESS.),MEDIUM
CAND_0059,2622906,ACCOUNT_ACCESS,ACCOUNT_ACCESS — framed as 'how can I cancel' but the actual blocker is being unable to log in at all -- login failure dominates. (Competing intent considered: GENERAL_HOW_TO_INFO.),MEDIUM
CAND_0060,540363,ACCOUNT_ACCESS,ACCOUNT_ACCESS — framed as 'how can I cancel' but blocked by not knowing/recovering the account email -- identity recovery dominates. (Competing intent considered: GENERAL_HOW_TO_INFO.),MEDIUM
CAND_0061,2136539,SUBSCRIPTION_BILLING,"SUBSCRIPTION_BILLING — framed as a how-to cancellation question, but primary ask is stopping an unwanted ongoing charge on a third party's device. (Competing intent considered: ACCOUNT_ACCESS, GENERAL_HOW_TO_INFO.)",MEDIUM
CAND_0062,540359,ACCOUNT_ACCESS,ACCOUNT_ACCESS — framed as a how-to question but concerns family-plan members who cannot sign in -- access failure present. (Competing intent considered: GENERAL_HOW_TO_INFO.),MEDIUM
CAND_0063,1845703,GENERAL_HOW_TO_INFO,"GENERAL_HOW_TO_INFO — simple account-settings how-to question (change postcode), no access failure. (Competing intent considered: ACCOUNT_ACCESS.)",MEDIUM
CAND_0064,174967,APP_TECH_ISSUE,"APP_TECH_ISSUE — flagged for exact-text overlap with RETRIEVAL pool and being a low-information one-word message. New candidate is substantive, genuinely context-dependent ('Still does it after reinstall'), and resolves via strictly-preceding context to the same short-continuation/APP_TECH_ISSUE purpose. (Competing intent considered: UNKNOWN_OTHER.)",MEDIUM
CAND_0065,1835534,APP_TECH_ISSUE,APP_TECH_ISSUE — short reply with a link and 'I'm in the USA' resolves via preceding context (country question in a playback-troubleshooting thread). (Competing intent considered: UNKNOWN_OTHER.),MEDIUM
CAND_0066,263524,CONTENT_CATALOG,"CONTENT_CATALOG — 'What could i do?' resolves via preceding context to a content-availability question, plus a geography modifier. geography modifier: Germany. (Competing intent considered: UNKNOWN_OTHER.)",MEDIUM
CAND_0067,790316,FEATURE_FEEDBACK,FEATURE_FEEDBACK — clarifying follow-up question resolves via preceding context to an ongoing feature-availability exchange. (Competing intent considered: UNKNOWN_OTHER.),MEDIUM
CAND_0068,2624563,GENERAL_HOW_TO_INFO,"GENERAL_HOW_TO_INFO — short standalone message, but fully classifiable from text alone (asking for a phone number) -- decoy against the 'short=unknown' trap. (Competing intent considered: UNKNOWN_OTHER.)",MEDIUM
CAND_0069,1048606,UNKNOWN_OTHER,"UNKNOWN_OTHER — pure gratitude/closure, no further request. (Competing intent considered: the substantive topic mentioned in the message, if any, were it read as an actionable request instead of closure/off-topic chatter.)",MEDIUM
CAND_0070,526274,UNKNOWN_OTHER,"UNKNOWN_OTHER — self-resolved issue, closing the conversation. (Competing intent considered: the substantive topic mentioned in the message, if any, were it read as an actionable request instead of closure/off-topic chatter.)",MEDIUM
CAND_0071,2623503,UNKNOWN_OTHER,"UNKNOWN_OTHER — self-resolved issue, closing the conversation. (Competing intent considered: the substantive topic mentioned in the message, if any, were it read as an actionable request instead of closure/off-topic chatter.)",MEDIUM
CAND_0072,2917914,UNKNOWN_OTHER,"UNKNOWN_OTHER — pure gratitude, no further request. (Competing intent considered: the substantive topic mentioned in the message, if any, were it read as an actionable request instead of closure/off-topic chatter.)",MEDIUM
CAND_0073,265449,UNKNOWN_OTHER,"UNKNOWN_OTHER — pure closure confirming a fix, no further request. (Competing intent considered: the substantive topic mentioned in the message, if any, were it read as an actionable request instead of closure/off-topic chatter.)",MEDIUM
CAND_0074,1417612,UNKNOWN_OTHER,"UNKNOWN_OTHER — pure closure ('No need... Thank you!') -- self-resolved CONTENT_CATALOG-flavored issue (missing track now visible), substantive text with rich context, adds thematic diversity to the closure examples. flagged for near/normalized retrieval-pool overlap on a generic short closure phrase. (Competing intent considered: the substantive topic mentioned in the message, if any, were it read as an actionable request instead of closure/off-topic chatter.)",MEDIUM
CAND_0075,265069,UNKNOWN_OTHER,"UNKNOWN_OTHER — pure appreciation/closure, no actionable request. (Competing intent considered: the substantive topic mentioned in the message, if any, were it read as an actionable request instead of closure/off-topic chatter.)",MEDIUM
CAND_0076,1840697,UNKNOWN_OTHER,UNKNOWN_OTHER — The target is a bare URL with no other text and no preceding context to interpret it by; genuinely uninterpretable rather than merely short. (Competing intent considered: no reliably determinable intent.),LOW
CAND_0077,1730303,UNKNOWN_OTHER,"UNKNOWN_OTHER — flagged for near-duplicate (normalized) overlap with RETRIEVAL pool and being a low-information generic phrase. New candidate is a substantive, genuine off-topic/irrelevant message unrelated to any Spotify support action, with no retrieval overlap. (Competing intent considered: the substantive topic mentioned in the message, if any, were it read as an actionable request instead of closure/off-topic chatter.)",MEDIUM
CAND_0078,1100179,UNKNOWN_OTHER,"UNKNOWN_OTHER — casual observation about a text easter egg, not a support request. (Competing intent considered: the substantive topic mentioned in the message, if any, were it read as an actionable request instead of closure/off-topic chatter.)",MEDIUM
CAND_0079,2384908,UNKNOWN_OTHER,"UNKNOWN_OTHER — casual chat asking the support account to personally recommend a playlist -- not a genuine support action. (Competing intent considered: the substantive topic mentioned in the message, if any, were it read as an actionable request instead of closure/off-topic chatter.)",MEDIUM
CAND_0080,263526,UNKNOWN_OTHER,"UNKNOWN_OTHER — Answers an implied 'what country are you in?'-type question ('Germany i guess') inside a content-availability thread, but the visible context window does not conclusively show what question is being answered, so the terse, hedged reply ('...i guess') is kept as a genuinely uncertain case rather than confidently resolved to CONTENT_CATALOG like its sibling message in the same thread. (Competing intent considered: no reliably determinable intent.)",LOW
CAND_0081,67724,ACCOUNT_ACCESS,"ACCOUNT_ACCESS — contains closing/thanking language ('please help me and thank you') but is a genuine unresolved actionable registration failure -- direct real-world test of Edge Case 4 in the non-closure direction. sourced from a fan-out thread; candidate is self-contained and requires no preceding context, so it is safe to use per the fan-out exception.",HIGH
CAND_0082,2440986,SUBSCRIPTION_BILLING,SUBSCRIPTION_BILLING — Portuguese: 'paguei Premium e a minha conta esta Free' -- paid for Premium but account is Free; near-exact parallel to the guide's own English example.,HIGH
CAND_0083,211091,APP_TECH_ISSUE,APP_TECH_ISSUE — Indonesian: cannot save to SD card despite available memory -- technical malfunction.,HIGH
CAND_0084,1067218,APP_TECH_ISSUE,APP_TECH_ISSUE — Turkish: reports an app error persisting after being told to reinstall three times.,HIGH
CAND_0085,2385606,SUBSCRIPTION_BILLING,SUBSCRIPTION_BILLING — Indonesian: charged full price after a promotional rate was expected -- disputed charge.,HIGH
CAND_0086,44426,ACCOUNT_ACCESS,ACCOUNT_ACCESS — Indonesian: account inaccessible despite being registered for premium -- access issue.,HIGH
CAND_0087,44402,SUBSCRIPTION_BILLING,SUBSCRIPTION_BILLING — Indonesian: payment repeatedly fails claiming insufficient balance despite sufficient balance -- technical error inside a payment flow.,HIGH
CAND_0088,1160844,APP_TECH_ISSUE,"APP_TECH_ISSUE — The reply supplies device/OS/app-version details in direct response to an active Windows/Bluetooth audio-malfunction report, continuing that troubleshooting thread rather than opening a new topic. (Competing intent considered: context-dependent device-info reply; classification relies on the preceding malfunction report.)",MEDIUM
CAND_0089,207208,APP_TECH_ISSUE,"APP_TECH_ISSUE — Confirms the volume-drop malfunction began after an iOS update, which is diagnostic detail for the ongoing playback/volume bug reported earlier in the thread, not a new request. (Competing intent considered: context-dependent; timing clue only makes sense against the preceding malfunction report.)",MEDIUM
CAND_0090,1517179,APP_TECH_ISSUE,"APP_TECH_ISSUE — Bare device/version string supplied in reply to a request for troubleshooting details about autoplay unexpectedly re-enabling itself, i.e. still part of that malfunction report. (Competing intent considered: context-dependent device-info reply.)",MEDIUM
CAND_0091,566276,APP_TECH_ISSUE,"APP_TECH_ISSUE — Bare OS/app-version string supplied in reply to a request for troubleshooting details about the app self-launching on startup, i.e. still part of that malfunction report. (Competing intent considered: context-dependent device-info reply.)",MEDIUM
CAND_0092,1986649,FEATURE_FEEDBACK,FEATURE_FEEDBACK — explicit request to raise/remove the offline-download cap.,HIGH
CAND_0093,877460,APP_TECH_ISSUE,"APP_TECH_ISSUE — Confirms the playback failure also affects locally downloaded files ('music from other artists plays fine'), ruling out a region/catalog restriction and pointing to a device-side playback malfunction instead. (Competing intent considered: CONTENT_CATALOG, since the parent thread started as an artist-availability question before the local-file detail ruled that out.)",MEDIUM
CAND_0094,2319364,FEATURE_FEEDBACK,FEATURE_FEEDBACK — criticizes missing iPhone X display support.,HIGH
CAND_0095,1336200,GENERAL_HOW_TO_INFO,GENERAL_HOW_TO_INFO — asking how download-count accounting works.,HIGH
CAND_0096,1928395,FEATURE_FEEDBACK,FEATURE_FEEDBACK — requests future IPv6 support.,HIGH
CAND_0097,2397299,APP_TECH_ISSUE,APP_TECH_ISSUE — Standalone report that Bluetooth playback stopped working in the car specifically after an app update — a direct match to the guide's own Bluetooth/Connect malfunction example.,HIGH
CAND_0098,2913925,APP_TECH_ISSUE,"APP_TECH_ISSUE — Standalone report that only downloaded tracks will play after the latest app update — a playback malfunction, not a design change request.",HIGH
CAND_0099,1036658,FEATURE_FEEDBACK,FEATURE_FEEDBACK — missing Apple Watch platform support.,HIGH
CAND_0100,343656,APP_TECH_ISSUE,"APP_TECH_ISSUE — Standalone report of the app crashing and search failing — textbook malfunction language, near-identical to the guide's own 'keeps crashing' example.",HIGH
CAND_0101,199142,APP_TECH_ISSUE,APP_TECH_ISSUE — Standalone report of audio cracking/distorting on both LTE and WiFi after years of normal use — a streaming-quality malfunction.,HIGH
CAND_0102,2215938,UNKNOWN_OTHER,"UNKNOWN_OTHER — ""hey wanna update your new music?"" does not clearly describe a malfunction, a feature request, or a how-to question, and no context is available to disambiguate it. (Competing intent considered: no reliably determinable intent.)",LOW
CAND_0103,1442524,APP_TECH_ISSUE,"APP_TECH_ISSUE — An in-app error claims the track is unavailable for local import on the computer, but the same message notes it works fine on phone — a platform-specific technical inconsistency rather than the track being genuinely absent from the catalog. (Competing intent considered: CONTENT_CATALOG ('not available' wording) resolved to APP_TECH_ISSUE by the phone-vs-computer platform-parity clue.)",MEDIUM
CAND_0104,1053967,APP_TECH_ISSUE,"APP_TECH_ISSUE — Device/OS/app-version string supplied in reply to an offline-mode-plays-non-downloaded-songs bug report, continuing that malfunction thread. (Competing intent considered: context-dependent device-info reply.)",MEDIUM
CAND_0105,224859,APP_TECH_ISSUE,"APP_TECH_ISSUE — Confirms an 'unknown error' persists across browsers and networks while trying to create a new account — a signup-flow technical failure, matching the guide's own 'signup page crashes every time' example, not an access issue on an existing account. (Competing intent considered: ACCOUNT_ACCESS (topic is account creation) resolved to APP_TECH_ISSUE because no account exists yet to be 'accessed' — the failure is in the signup flow itself.)",MEDIUM
CAND_0106,2757619,APP_TECH_ISSUE,"APP_TECH_ISSUE — Confirms the volume auto-lowering behavior started right after a phone update and persists even on silent mode, continuing the malfunction report from the preceding message. (Competing intent considered: context-dependent; only interpretable against the preceding malfunction report.)",MEDIUM
CAND_0107,1089999,APP_TECH_ISSUE,"APP_TECH_ISSUE — Device/OS/app-version string supplied in reply to a 'skipping like a CD' playback-malfunction report, continuing that thread. (Competing intent considered: context-dependent device-info reply.)",MEDIUM
CAND_0108,939996,APP_TECH_ISSUE,"APP_TECH_ISSUE — . Metallica plays on webplayer/mobile but not desktop app, a genuine platform-parity variant of the content-vs-technical boundary. (Competing intent considered: CONTENT_CATALOG.)",MEDIUM
CAND_0109,2317775,APP_TECH_ISSUE,"APP_TECH_ISSUE — Standalone report that playback fails to resume after being interrupted by a call, requiring a force-close/reopen workaround — a clear malfunction.",HIGH
CAND_0110,2859008,UNKNOWN_OTHER,"UNKNOWN_OTHER — 'Disregard. Found the link...' is a self-resolved closure message, not an ongoing technical issue. (Competing intent considered: the substantive topic mentioned in the message, if any, were it read as an actionable request instead of closure/off-topic chatter.)",MEDIUM
CAND_0111,1978628,APP_TECH_ISSUE,APP_TECH_ISSUE — Standalone report that downloaded playlists spontaneously lose their offline files — a direct match to the guide's 'downloaded songs keep disappearing' example.,HIGH
CAND_0112,1832902,APP_TECH_ISSUE,APP_TECH_ISSUE — Standalone report that the web player is unresponsive and will not start playback despite the UI appearing normal — a functional malfunction.,HIGH
CAND_0113,387711,FEATURE_FEEDBACK,"FEATURE_FEEDBACK — asks for a different default sort behavior for starred playlists -- a product-behavior request, not a malfunction report.",HIGH
CAND_0114,1486684,FEATURE_FEEDBACK,"FEATURE_FEEDBACK — explicit UX-improvement suggestion ('a loading icon would be appreciated'), not a malfunction report.",HIGH
CAND_0115,627564,FEATURE_FEEDBACK,FEATURE_FEEDBACK — complaint about suggested-track behavior overriding the chosen artist -- an algorithmic-recommendation complaint per the guide's explicit rule. (Competing intent considered: CONTENT_CATALOG.),MEDIUM
CAND_0116,859650,UNKNOWN_OTHER,"UNKNOWN_OTHER — ""where it at?"" has no recoverable referent in the available context — could mean a missing song, feature, or reply, and cannot be reliably disambiguated. (Competing intent considered: no reliably determinable intent.)",LOW
CAND_0117,1950858,SUBSCRIPTION_BILLING,SUBSCRIPTION_BILLING — shows Free sub only despite paid entitlement.,HIGH
CAND_0118,2284053,FEATURE_FEEDBACK,FEATURE_FEEDBACK — requests lossless audio quality.,HIGH
CAND_0119,2268730,UNKNOWN_OTHER,"UNKNOWN_OTHER — A generic 'please check your DM' request with no description of the underlying issue anywhere in the message or available context, so the actual support need cannot be identified. (Competing intent considered: no reliably determinable intent.)",LOW
CAND_0120,1959613,GENERAL_HOW_TO_INFO,GENERAL_HOW_TO_INFO — context shows this is a continuation of a 'where do I find my downloaded music' how-to exchange ('I'm looking for the mp3 file').,HIGH
CAND_0121,2198089,UNKNOWN_OTHER,"UNKNOWN_OTHER — A meta-complaint about the quality/speed of support itself ('you need to SPEAK with your customers') rather than a request tied to any specific Spotify product function — no actionable support need is stated. (Competing intent considered: the underlying hacked-account issue from earlier in the thread, if this were read as a continuation of that request rather than a standalone complaint about support responsiveness.)",MEDIUM
CAND_0122,1070389,UNKNOWN_OTHER,"UNKNOWN_OTHER — Asks Spotify to check a direct message but never states what the underlying issue is anywhere in the visible message or context, so no support category can be determined from this message alone. (Competing intent considered: no reliably determinable intent without the referenced DM content.)",LOW
CAND_0123,187562,UNKNOWN_OTHER,"UNKNOWN_OTHER — Pure gratitude/surprise that the brand replied, following an angry rant about intrusive ads; no further request is made.",HIGH
CAND_0124,2006124,CONTENT_CATALOG,CONTENT_CATALOG — wants a specific studio version/single added.,HIGH
CAND_0125,1850476,CONTENT_CATALOG,CONTENT_CATALOG — wants specific mixtapes added to catalog.,HIGH
CAND_0126,2239652,CONTENT_CATALOG,CONTENT_CATALOG — asking when specific album is coming to catalog.,HIGH
CAND_0127,2878323,UNKNOWN_OTHER,"UNKNOWN_OTHER — A casual, curiosity-driven question about Alexa integration with no stated problem or preceding context establishing a concrete support need. (Competing intent considered: GENERAL_HOW_TO_INFO is also plausible if read as a genuine integration/compatibility question rather than idle chat.)",MEDIUM
CAND_0128,171135,UNKNOWN_OTHER,"UNKNOWN_OTHER — ""What's the best one?"" follows an EQ-settings exchange but the referent of 'best one' (an EQ preset? a device? something else?) is not recoverable from the visible context. (Competing intent considered: no reliably determinable intent.)",LOW
CAND_0129,2049949,CONTENT_CATALOG,"CONTENT_CATALOG — listener wants a group photo corrected on an artist's page. Listener asking for a group photo correction on an artist's profile, genuine artist-vs-content boundary example. (Competing intent considered: ARTIST_SUPPORT.)",MEDIUM
CAND_0130,326809,UNKNOWN_OTHER,"UNKNOWN_OTHER — pure thanks for a past accommodation, no active request. (Competing intent considered: the substantive topic mentioned in the message, if any, were it read as an actionable request instead of closure/off-topic chatter.)",MEDIUM
CAND_0131,2280200,UNKNOWN_OTHER,UNKNOWN_OTHER — Announces that a support request exists ('I have a customer support request') without ever stating what it is. (Competing intent considered: no reliably determinable intent.),LOW
CAND_0132,1906064,APP_TECH_ISSUE,"APP_TECH_ISSUE — context ('often forgets my favorite songs') clarifies this describes a data/sync loss malfunction, not an unresolvable message.",HIGH
CAND_0133,1699326,UNKNOWN_OTHER,"UNKNOWN_OTHER — self-resolved ('It's working now, nvm'). (Competing intent considered: the substantive topic mentioned in the message, if any, were it read as an actionable request instead of closure/off-topic chatter.)",MEDIUM
CAND_0134,2240443,FEATURE_FEEDBACK,"FEATURE_FEEDBACK — context shows an ongoing request to control app auto-startup behavior; 'still not what I want' is a continuation of that request, not closure.",HIGH
CAND_0135,2725157,APP_TECH_ISSUE,"APP_TECH_ISSUE — context shows this is a continuation of an active troubleshooting thread ('tried everything, forums, the lot').",HIGH
CAND_0136,508845,FEATURE_FEEDBACK,"FEATURE_FEEDBACK — . Wants a specific (already-catalogued) song placed on a curated playlist; curation/placement request, not catalog absence. (Competing intent considered: CONTENT_CATALOG.)",MEDIUM
CAND_0137,2021155,UNKNOWN_OTHER,"UNKNOWN_OTHER — 'i would love that @115888 hire me' is a joke, not a genuine feature/policy request. (Competing intent considered: the substantive topic mentioned in the message, if any, were it read as an actionable request instead of closure/off-topic chatter.)",MEDIUM
CAND_0138,1868960,CONTENT_CATALOG,"CONTENT_CATALOG — 'bring back [specific artist]'s music' concerns a specific catalog item being unavailable, not a product-behavior change -- distinct from generic 'bring back preview'-style feature requests. (Competing intent considered: FEATURE_FEEDBACK.)",MEDIUM
CAND_0139,2616773,FEATURE_FEEDBACK,FEATURE_FEEDBACK — Explicit forward-looking request for Spotify to partner with an audiobook service to bundle music and reading under one subscription — a new-capability request.,HIGH
CAND_0140,2614482,FEATURE_FEEDBACK,FEATURE_FEEDBACK — Explicit 'please add an option to block' request for a new shuffle-filtering control that does not exist today.,HIGH
CAND_0141,199164,CONTENT_CATALOG,"CONTENT_CATALOG — wants a specific album added to the catalog, matches the 'When's lemonade going on Spotify?' pattern. (Competing intent considered: FEATURE_FEEDBACK.)",MEDIUM
CAND_0142,778555,FEATURE_FEEDBACK,"FEATURE_FEEDBACK — Explicit '[Spotify] should' request that the whole app be redesigned to match a specific playlist's aesthetic — a design-change request, not a bug report.",HIGH
CAND_0143,2210887,FEATURE_FEEDBACK,"FEATURE_FEEDBACK — Explicit request to add a confirmation prompt before the download button executes, framed as a new safeguard, not a report that the button itself is broken.",HIGH
CAND_0144,2492522,UNKNOWN_OTHER,"UNKNOWN_OTHER — sarcastic banter about a competitor's map in a geography-availability thread, not an actionable request. (Competing intent considered: the substantive topic mentioned in the message, if any, were it read as an actionable request instead of closure/off-topic chatter.)",MEDIUM
CAND_0145,2052028,FEATURE_FEEDBACK,FEATURE_FEEDBACK — Explicit 'bring back' request for LG TV app support that was previously removed.,HIGH
CAND_0146,2289771,FEATURE_FEEDBACK,FEATURE_FEEDBACK — Explicit 'bring back' request for the lyrics feature plus a request to add another artist's catalog into the app.,HIGH
CAND_0147,426789,FEATURE_FEEDBACK,FEATURE_FEEDBACK — Explicit 'wish there was a function to' request for a new artist-blocking capability in shuffle/radio.,HIGH
CAND_0148,339551,CONTENT_CATALOG,"CONTENT_CATALOG — wants a specific song added to the catalog, not a product-behavior change. (Competing intent considered: FEATURE_FEEDBACK.)",MEDIUM
CAND_0149,674465,FEATURE_FEEDBACK,FEATURE_FEEDBACK — Explicit '[Spotify] should also do' request for a new music-video capability that does not currently exist.,HIGH
CAND_0150,2841195,APP_TECH_ISSUE,"APP_TECH_ISSUE — primary complaint is a malfunctioning concurrent-session/pause behavior on a family plan; the secondary 'would love to change username' request is a minor FEATURE_FEEDBACK-flavored add-on, not the primary support need.",HIGH
CAND_0151,1758258,GENERAL_HOW_TO_INFO,GENERAL_HOW_TO_INFO — asking whether gift cards work with family plan.,HIGH
CAND_0152,1914366,GENERAL_HOW_TO_INFO,GENERAL_HOW_TO_INFO — asking how to get a presale code.,HIGH
CAND_0153,1366571,SUBSCRIPTION_BILLING,"SUBSCRIPTION_BILLING — Confirms the payment was actually deducted (not merely pending) for a still-inactive Premium entitlement, directly continuing the disputed-charge/unfulfilled-entitlement thread from the prior message. (Competing intent considered: context-dependent; the terse confirmation only reads as a billing dispute against the preceding message.)",MEDIUM
CAND_0154,1900609,SUBSCRIPTION_BILLING,SUBSCRIPTION_BILLING — States a specific charge (annual subscription) was taken but the paid Premium entitlement is not functioning — a direct paid-entitlement-not-received complaint.,HIGH
CAND_0155,1807209,SUBSCRIPTION_BILLING,"SUBSCRIPTION_BILLING — Despite the sarcastic 'Thanks,' this states a concrete billing complaint: charged the standard student rate ($4.99) even though their school wasn't a selectable option, i.e. a specific disputed/incorrect charge. (Competing intent considered: UNKNOWN_OTHER/conversational-closure (the sarcastic 'Thanks' opener) resolved to SUBSCRIPTION_BILLING because a concrete charge dispute is stated.)",MEDIUM
CAND_0156,689585,GENERAL_HOW_TO_INFO,GENERAL_HOW_TO_INFO — 'am I able to have this applied' is an eligibility question with no stated charge dispute.,HIGH
CAND_0157,765647,APP_TECH_ISSUE,"APP_TECH_ISSUE — describes the payment-method flow incorrectly routing to a student-verification screen -- a technical flow error, not a billing dispute.",HIGH
CAND_0158,560014,ACCOUNT_ACCESS,"ACCOUNT_ACCESS — the stated blocker is forgetting the account email/address used, an identity-recovery issue, not a billing dispute.",HIGH
CAND_0159,1960584,APP_TECH_ISSUE,"APP_TECH_ISSUE — describes a malfunction (family-plan member's Spotify not working, recurring), not a billing dispute.",HIGH
CAND_0160,2756263,SUBSCRIPTION_BILLING,"SUBSCRIPTION_BILLING — Reports 'issues getting premium for students' without specifying whether the problem is a charge, an eligibility question, or a signup error; defaulted to SUBSCRIPTION_BILLING as the most likely reading given no explicit how-to phrasing or error description. (Competing intent considered: GENERAL_HOW_TO_INFO or APP_TECH_ISSUE are also plausible given the vague phrasing.)",MEDIUM
CAND_0161,2125232,UNKNOWN_OTHER,"UNKNOWN_OTHER — off-topic presale-code request unrelated to a Spotify support action. (Competing intent considered: the substantive topic mentioned in the message, if any, were it read as an actionable request instead of closure/off-topic chatter.)",MEDIUM
CAND_0162,2070027,SUBSCRIPTION_BILLING,SUBSCRIPTION_BILLING — States a specific expected discount (50% via a promo) was not honored and the customer was charged full price — a disputed-charge case.,HIGH
CAND_0163,172534,GENERAL_HOW_TO_INFO,"GENERAL_HOW_TO_INFO — asks why a payment method is unavailable by region -- an informational/geography question, no disputed charge stated.",HIGH
CAND_0164,727009,SUBSCRIPTION_BILLING,SUBSCRIPTION_BILLING — States a specific unwanted charge (a full year instead of the trial) and explicitly requests cancellation — a disputed-charge/cancellation case.,HIGH
CAND_0165,2310896,SUBSCRIPTION_BILLING,"SUBSCRIPTION_BILLING — States a specific charge for Premium Family that never actually activated, despite troubleshooting attempts — an unfulfilled paid-entitlement case.",HIGH
CAND_0166,1875268,ACCOUNT_ACCESS,ACCOUNT_ACCESS — Standalone login failure: correct credentials are rejected as 'not associated with Spotify' — a direct account-access/authentication problem.,HIGH
CAND_0167,877450,ACCOUNT_ACCESS,"ACCOUNT_ACCESS — Reports the account showing as inactive, which blocks normal use of the account; read as an account-status/access problem rather than a stated billing dispute since no charge is mentioned. (Competing intent considered: SUBSCRIPTION_BILLING is also plausible if 'not active' reflects a lapsed paid entitlement rather than an access block.)",MEDIUM
CAND_0168,1705041,ACCOUNT_ACCESS,"ACCOUNT_ACCESS — Customer cannot update their own account info because the flow redirects to Facebook where the info is already correct — an inability to manage the account, which the guide's ACCOUNT_ACCESS definition explicitly covers ('inability to access or manage their account'). (Competing intent considered: APP_TECH_ISSUE is also plausible, since the underlying cause is a broken redirect rather than a login/credential problem.)",MEDIUM
CAND_0169,2420496,SUBSCRIPTION_BILLING,"SUBSCRIPTION_BILLING — account shows as Free despite active payment, matches the paid-entitlement-not-received pattern directly.",HIGH
CAND_0170,2787996,ACCOUNT_ACCESS,ACCOUNT_ACCESS — Standalone explicit request to recover account access after being locked out for extended absence — a direct access-recovery case.,HIGH
CAND_0171,339556,ACCOUNT_ACCESS,"ACCOUNT_ACCESS — Reports the password-reset email is sent in the wrong language, i.e. a defect inside the account-recovery mechanism itself; kept under ACCOUNT_ACCESS since it concerns that specific recovery flow. (Competing intent considered: APP_TECH_ISSUE is also plausible, since the complaint is really about a localization bug rather than being unable to regain access.)",MEDIUM
CAND_0172,1898838,SUBSCRIPTION_BILLING,"SUBSCRIPTION_BILLING — This is a fragment that appears to quote an in-app message ('...Account, so you may need to update your payment details') referencing a suspicious payment-failure email, continuing the preceding message about never having signed up to pay. Read as SUBSCRIPTION_BILLING because it centers on a payment-details dispute, but the message is low-clarity/fragmentary enough to warrant caution. (Competing intent considered: ACCOUNT_ACCESS.)",LOW
CAND_0173,2544113,GENERAL_HOW_TO_INFO,"GENERAL_HOW_TO_INFO — hypothetical informational question, no current problem.",HIGH
CAND_0174,1269717,SUBSCRIPTION_BILLING,SUBSCRIPTION_BILLING — wants to upgrade to a multi-device plan.,HIGH
CAND_0175,2794551,ACCOUNT_ACCESS,"ACCOUNT_ACCESS — Standalone report of being fully locked out — cannot log in, cannot access the recovery email, cannot reset the password — a clear access/recovery case.",HIGH
CAND_0176,1043550,GENERAL_HOW_TO_INFO,GENERAL_HOW_TO_INFO — The student discount lapsed with no advance warning and the price increased; the explicit final ask ('how can I get it again?') frames this as a request for re-enrollment instructions rather than a demand to reverse a specific past charge. (Competing intent considered: SUBSCRIPTION_BILLING is also plausible given the stated price increase.),MEDIUM
CAND_0177,1471765,FEATURE_FEEDBACK,"FEATURE_FEEDBACK — complaint about shuffle repeating one artist before randomizing -- an algorithmic-shuffle-behavior complaint per the guide's recommendation/personalization rule, not a how-to question. (Competing intent considered: CONTENT_CATALOG.)",MEDIUM
CAND_0178,2653056,GENERAL_HOW_TO_INFO,"GENERAL_HOW_TO_INFO — the original message's interpretability depends entirely on an image that cannot be verified, so a confident intent label could not be reliably assigned. New candidate is a self-contained, unambiguous how-to question needing no external image.",HIGH
CAND_0179,1264086,GENERAL_HOW_TO_INFO,"GENERAL_HOW_TO_INFO — Standalone how-to/eligibility question about the podcast-submission process and its cost, with no error or charge involved.",HIGH
CAND_0180,1160869,GENERAL_HOW_TO_INFO,GENERAL_HOW_TO_INFO — Standalone how-to question about correcting a self-entered zip code in account settings; no malfunction or charge is described.,HIGH
CAND_0181,563522,GENERAL_HOW_TO_INFO,GENERAL_HOW_TO_INFO — Asks how to enroll in an advertised offer with no link provided — matches the guide's promotion boundary rule that 'how to enroll/use an existing promotion' is GENERAL_HOW_TO_INFO.,HIGH
CAND_0182,1794735,GENERAL_HOW_TO_INFO,"GENERAL_HOW_TO_INFO — Phrased as an instructions request ('how to do on Samsung S5') for moving the app to an SD card, though 'Trouble' could also imply an attempted-and-failed action. (Competing intent considered: APP_TECH_ISSUE is also plausible if the customer already attempted this and it failed, per the guide's how-to-vs-malfunction line.)",MEDIUM
CAND_0183,2095103,ARTIST_SUPPORT,"ARTIST_SUPPORT — asks how to create a playlist 'as the artist' rather than as a personal account -- a creator-side workflow question, not a listener how-to question.",HIGH
CAND_0184,492383,APP_TECH_ISSUE,"APP_TECH_ISSUE — ads appearing in the wrong language is a localization malfunction, not a settings how-to question.",HIGH
CAND_0185,2080754,SUBSCRIPTION_BILLING,"SUBSCRIPTION_BILLING — explicit request to cancel Premium because the customer is paying for it -- a subscription-cancellation action, not a how-to question.",HIGH
CAND_0186,1658868,FEATURE_FEEDBACK,FEATURE_FEEDBACK — wants control over what appears in an algorithmic playlist -- a personalization-control request per the guide's explicit rule. (Competing intent considered: CONTENT_CATALOG.),MEDIUM
CAND_0187,2183058,FEATURE_FEEDBACK,"FEATURE_FEEDBACK — wants a second/alternate algorithmic discovery playlist for older music -- a personalization/behavior request, not a missing-content report. (Competing intent considered: CONTENT_CATALOG.)",MEDIUM
CAND_0188,2175409,APP_TECH_ISSUE,APP_TECH_ISSUE — '397 of my songs just decide to uninstall' is a direct match to the guide's own 'downloaded songs keep disappearing' malfunction example.,HIGH
CAND_0189,1453978,FEATURE_FEEDBACK,"FEATURE_FEEDBACK — wants a new search/browse category -- a product-behavior change per the guide's explicit 'new way to browse, sort, filter' -> FEATURE_FEEDBACK rule. (Competing intent considered: CONTENT_CATALOG.)",MEDIUM
CAND_0190,2139004,APP_TECH_ISSUE,APP_TECH_ISSUE — playlist unexpectedly resets.,HIGH
CAND_0191,1876063,FEATURE_FEEDBACK,FEATURE_FEEDBACK — algorithmic-recommendation-mismatch complaint.,HIGH
CAND_0192,1250620,APP_TECH_ISSUE,APP_TECH_ISSUE — playback stops after one song.,HIGH
CAND_0193,113822,FEATURE_FEEDBACK,FEATURE_FEEDBACK — requests a new shuffle-button capability.,HIGH
CAND_0194,250748,GENERAL_HOW_TO_INFO,GENERAL_HOW_TO_INFO — asking if a feature works on a specific device.,HIGH
CAND_0195,2059817,CONTENT_CATALOG,CONTENT_CATALOG — Asks why specific tracks show unusually low play counts — a question about the catalog's displayed metadata for those tracks. (Competing intent considered: GENERAL_HOW_TO_INFO is also plausible since it is phrased as a general 'why' question rather than a request to fix specific content.),MEDIUM
CAND_0196,2747462,UNKNOWN_OTHER,"UNKNOWN_OTHER — casual chat request, not a support action. (Competing intent considered: the substantive topic mentioned in the message, if any, were it read as an actionable request instead of closure/off-topic chatter.)",MEDIUM
CAND_0197,1865839,CONTENT_CATALOG,CONTENT_CATALOG — Standalone question about why one specific track is unavailable — a direct match to the guide's own catalog-availability examples.,HIGH
CAND_0198,830834,CONTENT_CATALOG,CONTENT_CATALOG — Standalone request for a specific new album to be made available — matches the guide's 'when's lemonade going on Spotify' catalog-addition pattern.,HIGH
CAND_0199,1526258,FEATURE_FEEDBACK,"FEATURE_FEEDBACK — wants the Songs-section size limit changed, matching the guide's 'Remove my music limits! It's dumb' -> FEATURE_FEEDBACK example directly. (Competing intent considered: CONTENT_CATALOG.)",MEDIUM
CAND_0200,1942805,APP_TECH_ISSUE,"APP_TECH_ISSUE — Describes ad audio suddenly blaring at full volume every few minutes, explicitly noting it is 'usually okay' — i.e. an intermittent malfunction in the ad-playback volume, not a stated objection to having ads at all. (Competing intent considered: FEATURE_FEEDBACK is also plausible if read as an ad-policy complaint, but 'usually okay, but now' signals inconsistent/malfunctioning behavior per the guide's intermittent-vs-by-design rule.)",MEDIUM
