candidate_id,tweet_id,thread_id,customer_id,target_message,preceding_context,provisional_intent,boundary_tags,rule_coverage_tags,representative_or_targeted,context_dependent,unknown_subtype,thread_length,target_message_length,selection_reason,review_notes,is_fanout_thread
CAND_0001,1855971,1855971,555149,"@SpotifyCares Hey, a song of mine was recently released on a label and it created a duplicate artist page. How can I get it on my main?",,ARTIST_SUPPORT,,artist_profile_metadata,targeted,False,,2,135,duplicate artist page created after label release; ownership/merge workflow,,False
CAND_0002,2669338,2669338,751817,"@125633 I have been trying to gain control of my artist Lola spikes profile on Spotify since March to change the profile picture from album to her selfie pic, Can you help?",,ARTIST_SUPPORT,,artist_profile_metadata,targeted,False,,4,172,creator trying to gain control of own artist profile to change picture,,False
CAND_0003,1398598,1398598,445238,@SpotifyCares please merge the GORD DOWNIE and GORDON GOWNIE artist profiles,,ARTIST_SUPPORT,,artist_profile_metadata,targeted,False,,2,76,explicit request to merge two artist profiles referring to the same person (band-name/identity collision),,False
CAND_0004,1993429,1993429,589946,@125633 guys my artist page is locking me out and i can't get in!! Also releases aren't showing up!!!!,,ARTIST_SUPPORT,,artist_profile_metadata,targeted,False,,2,102,locked out of own artist page; releases not showing -- creator-side access + release visibility,,False
CAND_0005,800191,800191,198507,Why tf is my single under another artist page -__- Wtf @115888,,ARTIST_SUPPORT,,artist_profile_metadata,targeted,False,,2,62,creator reporting own single misattributed to another artist page,"QA: boundary=F tag removed -- message says 'my single', not genuinely ambiguous creator-vs-listener framing.",False
CAND_0006,1161814,1161814,393336,@SpotifyCares i have a verified artist page that i have no access to at all... how can i get into this?,,ARTIST_SUPPORT,,artist_profile_metadata,targeted,False,,8,103,verified artist page with no access at all -- creator-side access issue,,False
CAND_0007,672187,672187,280368,@SpotifyCares I've emailed regarding adding a pic to my artist page! I've had no response,,ARTIST_SUPPORT,,artist_profile_metadata,targeted,False,,6,89,"creator emailed about adding a picture to own artist page, no response",,False
CAND_0008,2246055,2246055,654609,@115888 as an artist who do we contact at spotify to get them to separate an artist profile/identity from another artists w/the same name?,,ARTIST_SUPPORT,,artist_profile_metadata,targeted,False,,2,138,artist asking how to separate their profile/identity from another artist with the same name (band-name collision),"QA: boundary=F tag removed -- message explicitly says 'as an artist', not genuinely ambiguous.",False
CAND_0009,1988904,1988904,588654,"@SpotifyCares one of my albums I'd accidentally listed under ""singles"" on my artist page. How can I fix that?",,ARTIST_SUPPORT,,artist_profile_metadata,targeted,False,,4,109,creator's own album miscategorized (album listed as single) on their artist page,,False
CAND_0010,1466241,1466241,460329,@SpotifyCares i've been trying to contact Spotify for weeks about an album that is incorrectly attributed to my artist page please help ASAP,,ARTIST_SUPPORT,,artist_profile_metadata,targeted,False,,2,140,"creator reporting an album incorrectly attributed to their own artist page, urgent",,False
CAND_0011,770810,770810,304080,"@115888 Ive sent an artist separation request 2 weeks ago,Please move my track to my artist profile so I can share my music #SpotifySingles",,ARTIST_SUPPORT,,artist_profile_metadata,targeted,False,,2,139,artist separation request submitted; asking to move track to correct artist profile,,False
CAND_0012,776162,776163,305457,"@SpotifyCares Used CDBaby to distribute with you.They say it's been delivered to you, but it's not up on our artist page yet. Any ideas? Release date 2day","Customer: @SpotifyCares Hey team., wondering if time difference between the US and AUS might affect my song being available. Released, but not there | SpotifyCares: @305457 Hey there! Can you send us the Spotify URI? Just right-click the track &gt; Share &gt; URI. We'll check /RH",ARTIST_SUPPORT,,artist_profile_metadata,targeted,True,,6,154,distributor (CDBaby) delivered release but not showing on creator's artist page -- distributor/release workflow,,False
CAND_0013,539176,539176,245020,"@SpotifyCares Is it at all possible to get ""Satie: Vexations (840 Times)"" to be removed from Erik Satie's Artist page? It's a joke, I know, but it's really annoying to have to scroll so far to get to any of his other music. It's the same song literally 840 times.",,FEATURE_FEEDBACK,"E,F",,targeted,False,,2,263,"listener wants a specific (joke) track removed from an artist's page -- listener-perspective, not creator-side","QA CORRECTED (was CONTENT_CATALOG): customer wants a specific track delisted/reordered for browsing convenience, not because it is missing/wrong -- matches the guide's 'new way to browse/manage content' -> FEATURE_FEEDBACK rule.",False
CAND_0014,2052421,2052421,606978,"@SpotifyCares  Report Albums 

On the Heathen artist page: https://t.co/aFV6iSa3yJ there is a mistplaced album.",,CONTENT_CATALOG,F,,targeted,False,,2,111,"listener reporting a misplaced album on an artist's page -- catalog/metadata report, not creator-side management",,False
CAND_0015,622817,622817,267829,May I ask why Dan Black has two different artist profiles? @115888 @SpotifyCares,,CONTENT_CATALOG,F,,targeted,False,,7,80,genuinely ambiguous whether the customer is the artist or a curious fan asking about duplicate profiles; defaulted to listener-perspective absent self-identification as the artist,"FLAG: annotator should judge if any additional context indicates the customer is the artist QA: kept CONTENT_CATALOG/boundary F -- third-person phrasing ('May I ask why Dan Black has...') suggests a fan/listener, not the artist self-reporting; genuine ambiguity remains for annotator judgment.",False
CAND_0016,1620802,1620804,496717,"@125633 having trouble with that, every time I make a playlist and try to find it to showcase on my artist page.. I can’t find it when searching",Customer: Artist playlists are a great way to give your fans an inside look at the songs that inspire you. https://t.co/RbpuQd2nog https://t.co/4qdWZUdjdE,APP_TECH_ISSUE,F,,targeted,True,,5,144,"creator has an artist page, but the actual complaint is a search malfunction (can't find own playlist to add) -- technical, not a profile/metadata issue",QA: preceding-context speaker label may be unreliable in source data (reads like a Spotify promotional message despite being tagged Customer) -- target message is still independently interpretable as a search malfunction; recommend annotator treat that one context line with caution.,False
CAND_0017,2883054,2883055,799854,"@SpotifyCares I see that in Android mobile and Windows PC.
When see Strauss autor can see Tchaikovsky song as most played, and song of a band named Strauss.","Customer: @SpotifyCares I think that something is wrong... When a button to report possible mistakes? https://t.co/rEmOzJfgby | SpotifyCares: @799854 Hey there. Can you tell us more about what's happening? Also, what device, operating system, and Spotify version are you on? /AY",CONTENT_CATALOG,F,,targeted,True,,6,156,"listener confused by cross-artist metadata mixup while browsing -- catalog/metadata issue, not creator-side",,False
CAND_0018,2623509,2623509,741148,@SpotifyCares My account has been hacked and I'm locked out of both resetting my password and changing my email address. Any help you can offer?,,ACCOUNT_ACCESS,A,,targeted,False,,2,144,hacked and locked out of password reset + email change -- primary need is regaining access,,False
CAND_0019,1840067,1840067,551457,@SpotifyCares There is an hacker on my account and I can not make him stop using my account. I have triede to resign alle my devices.,,ACCOUNT_ACCESS,A,,targeted,False,,2,133,"hacker actively using account, customer cannot stop them -- primary need is investigating/stopping unauthorized access",,False
CAND_0020,1579279,1579279,486323,@SpotifyCares Hi! I just discovered my account was hacked and someone changed my e-mail/password. Can you guys help me?,,ACCOUNT_ACCESS,A,,targeted,False,,7,119,"hacked, email/password changed by attacker -- primary need is access recovery",,False
CAND_0021,2929248,2929248,810358,"Help @115888, our account has been hacked. The email has been replaced by an unknown person's and we can't log in. What do we do?",,ACCOUNT_ACCESS,A,,targeted,False,,2,129,"hacked, email replaced, can't log in -- primary need is access recovery",,False
CAND_0022,2690961,2690961,120817,@SpotifyCares HELP! My account has just been hacked and now I can no longer login to my account - the email address has been changed without my consent!,,ACCOUNT_ACCESS,A,,targeted,False,,2,152,"hacked, email changed without consent, can no longer log in -- access recovery is primary ask",,False
CAND_0023,2713292,2713292,235204,"@SpotifyCares Please cancel my account immediately. I am unable to do so because my account has been hacked on my (oem) android and the email and password have changed.

Dm has been sent with no reply yet.

Thanks.",,SUBSCRIPTION_BILLING,A,,targeted,False,,3,214,"explicit primary request is to CANCEL the subscription; hacking is the stated blocker, not the ask itself",strong Edge-Case-1 test: cancellation intent should dominate despite hacking being mentioned,False
CAND_0024,1659831,1659831,506379,@115888 someone’s hacked my account and apparently there’s no way for me to change my password! #crock #fixthis #givememumoneyback,,SUBSCRIPTION_BILLING,A,,targeted,False,,2,130,hashtag makes an explicit money-back request (#givememumoneyback) alongside the hacking report,informal phrasing; annotator must look past hashtag styling to see the explicit billing ask,False
CAND_0025,2641113,2641113,745337,@115888 your security is BS some French guy hacked my account and changed my plan to add his own. I’m seeing this a lot...,,ACCOUNT_ACCESS,A,multi_intent,targeted,False,,4,122,"hacked and hacker changed subscription plan; no explicit ask to reverse the charge is stated, so primary need defaults to investigating the breach",genuinely hard case -- could reasonably be argued as SUBSCRIPTION_BILLING; recommend for inter-annotator check,False
CAND_0026,2826952,2826952,718603,Help @115888 @SpotifyCares! My account was hacked and the hacker changed my email so I can't reset my password. My credit card is saved in the system and I'm being charged :'(,,ACCOUNT_ACCESS,A,,targeted,False,,2,175,"hacked, can't reset password (explicit blocker); mentions being charged as a secondary distress signal, not an explicit dispute/refund ask",genuinely hard case -- 'being charged' could tip toward SUBSCRIPTION_BILLING; recommend for inter-annotator check,False
CAND_0027,2364820,2364820,682736,@SpotifyCares My account was hacked - why don't you have a customer support phone number?  I need to talk to someone about this ASAP,,ACCOUNT_ACCESS,A,,targeted,False,,2,132,"hacked account is the stated problem; 'why don't you have a phone number' is a secondary complaint about support channel, not a feature or billing request",,False
CAND_0028,2909841,2909841,805593,@SpotifyCares For some reason I am being charged $9.99 a month even though I've had the student discount this whole year.  I renewed the student discount a few months ago because I am still enrolled at UF.  Can i be refunded the $9.99 charge so I am only charged $4.99 instead?,,SUBSCRIPTION_BILLING,B,promotion_three_way,targeted,False,,2,277,specific disputed charge despite having an active student discount,,False
CAND_0029,822342,822342,315872,@115888 doesnt allow student discount if you're using a discoung on another streaming service. I was wondering why my bill increased.,,SUBSCRIPTION_BILLING,B,promotion_three_way,targeted,False,,2,133,specific billing increase tied to a discount-stacking policy -- disputed charge,,False
CAND_0030,1342991,1342991,433219,@SpotifyCares Hey i suscribed to Spotify Premium with the Student discount but i still don't have SpotifyPremium activated on my account,,SUBSCRIPTION_BILLING,B,promotion_three_way,targeted,False,,2,136,subscribed with student discount but paid entitlement (Premium) never activated,,False
CAND_0031,551330,551330,248478,"@SpotifyCares What are the requirements for the student discount? Do I have to be at least half time in a degree seeking program, &amp; what schools are eligible?",,GENERAL_HOW_TO_INFO,B,promotion_three_way,targeted,False,,2,162,"asking about eligibility requirements for the student discount, no disputed charge",,False
CAND_0032,566358,566358,252775,@115888 Do you offer a discount for people who work at educational institutions?,,GENERAL_HOW_TO_INFO,B,promotion_three_way,targeted,False,,2,80,"asking whether a discount exists for a group, no disputed charge",,False
CAND_0033,1609289,1609289,494091,"@115888 my student discount runs out this month for premium membership. but i am still a student, how do i still get student discount?",,GENERAL_HOW_TO_INFO,B,promotion_three_way,targeted,False,,2,134,"asking how to keep getting a discount they are still eligible for, no disputed charge",,False
CAND_0034,2139010,2139010,629100,"@SpotifyCares trying to extend my student discount for another year but when I log into unidays, the pop-up to log in comes back. What should I do?",,APP_TECH_ISSUE,B,"tech_in_billing_flow,promotion_three_way",targeted,False,,4,147,"verification pop-up loop when trying to extend a discount -- a technical flow error inside a billing/entitlement workflow, per guide section on technical flow errors",,False
CAND_0035,2407029,2407029,692220,"@SpotifyCares Hi, my email isn't working for student discount, keeps saying it's already in use when it isnt.",,APP_TECH_ISSUE,B,"tech_in_billing_flow,promotion_three_way",targeted,False,,2,109,"email 'already in use' error blocking discount signup -- technical flow error, not a pure billing dispute",,False
CAND_0036,2407006,2407010,338880,@SpotifyCares I don’t want discounted rates. I want fairness for ALL your customers and not to subsidise students by paying more.,"Customer: Students get Premium for less. Non stop listening. Endless music opportunities for just £4.99 a month. https://t.co/IYE0KN1QRe | Customer: @115888 Why do they get Premium for less? Paying much more has made me 😡 | SpotifyCares: @338880 Hi! If you’re currently enrolled in an accredited college or university, you can get the discounted rate at https://t.co/pFeBZLq1cj /AU",FEATURE_FEEDBACK,B,promotion_three_way,targeted,True,,8,129,"explicit policy complaint requesting fairness across all customers, not a personal charge dispute",,False
CAND_0037,2154957,2154957,633118,@115888 @117168 @SpotifyCares why do you guys offer a 50% discount to “students” but nothing to Veterans or Active duty? @233796 offers discounts ... #jussayin #whatsyourexcuse,,FEATURE_FEEDBACK,B,promotion_three_way,targeted,False,,7,176,explicit request that Spotify extend discount policy to a new customer group (veterans),,False
CAND_0038,2360601,2360604,681685,"@115888 Also I still wish they would bring back the ability to shuffle all the songs in a folder, across multiple playlists.",Customer: I wish @115888 let you sort a band by reverse chronological order and you could play their entire musical output from beginning to now.,FEATURE_FEEDBACK,C,removed_vs_malfunction,targeted,True,,6,124,explicit 'bring back' request for a removed cross-playlist shuffle capability,,False
CAND_0039,2647449,2647449,746946,"@115888 when are you going to bring back the drag and drop for playlist making? This new system of queuing songs is painfully slow, I have to now drag songs all the way up the queued songs if I want to play it right away.",,FEATURE_FEEDBACK,C,removed_vs_malfunction,targeted,False,,2,221,"explicit 'bring back' request for drag-and-drop playlist building, criticizing the new design",,False
CAND_0040,2422810,2422810,695849,@SpotifyCares really need to bring back the ability to see all the songs by an artist in a list. sometimes you can't remember the album the song is on or the exact name to search with. would be nice to be able to search,,FEATURE_FEEDBACK,C,removed_vs_malfunction,targeted,False,,2,219,explicit 'bring back' request for a removed artist-song-list view,,False
CAND_0041,1900422,1900422,325321,@SpotifyCares Are you ever going to bring back lyrics to the desktop version?,,FEATURE_FEEDBACK,C,removed_vs_malfunction,targeted,False,,2,77,explicit 'bring back' request for lyrics on desktop,,False
CAND_0042,2891301,2891301,314219,"Ugh. Why has @115888 removed the ability to share a track directly with other users? Not everyone uses other social network/wants to integrate it, @SpotifyCares! And what happened all the tracks friends sent me in my now-vanished Inbox? Significant degradation of the service 😠 https://t.co/xQfztqTWvU",,FEATURE_FEEDBACK,C,removed_vs_malfunction,targeted,False,,7,301,"explicitly reports a capability was deliberately removed by Spotify, not malfunctioning",,False
CAND_0043,2162619,2162619,634999,@115888 @116130 @SpotifyCares please please please bring back your year in music for 2017!!!,,FEATURE_FEEDBACK,C,removed_vs_malfunction,targeted,False,,2,92,explicit 'bring back' request for a past yearly feature (Year in Music),,False
CAND_0044,1990506,1990506,145481,This is my 3rd unsuccessful attempt to sign up for Spotify premium. YOUR SITE IS BAD AND YOU SHOULD FEEL BAD. @SpotifyCares,,APP_TECH_ISSUE,C,"removed_vs_malfunction,tech_in_billing_flow",targeted,False,,2,123,signup page repeatedly failing -- near-exact match to the guide's own example ('the signup page crashes every time I try to continue'),,False
CAND_0045,1063177,1063176,371043,@SpotifyCares I've removed the old version and reinstalled the Spotify Windows app but it still won't actually play any songs :-/,"Customer: @SpotifyCares Keep getting the message ""song not available"" for ALL songs in my playlists and also yours. Premium is paid. Whats wrong? | SpotifyCares: @371043 Hi Anna, help's here! Can you let us know the device/OS and Spotify version you're using? We'll see what we can suggest /NY | Customer: @SpotifyCares This is from a Desktop running Windows 10 - with newly updated Spotify desktop app. Username Fusionette.",APP_TECH_ISSUE,C,removed_vs_malfunction,targeted,True,,6,129,"'removed' here refers to the customer's own troubleshooting action (reinstalling), not a Spotify design change; playback still broken afterward",,False
CAND_0046,2917808,2917808,807618,WHY IS SPOTIFY NOT LETTING ME SEARCH FOR MUSIC ?!?!?! @115888 @191335 @SpotifyCares,,APP_TECH_ISSUE,H,removed_vs_malfunction,targeted,False,,2,83,capitalized/emotional but fully classifiable as a search malfunction from text alone -- decoy against the 'angry=unknown' trap,,False
CAND_0047,265447,265447,179241,@SpotifyCares why can’t I control my Spotify on my control centre anymore? 😢 https://t.co/m3mk0pxU7y,,APP_TECH_ISSUE,C,removed_vs_malfunction,targeted,False,,6,100,"vague 'why can't I do X anymore' framed as loss of a working capability defaults to malfunction per Edge Case 2, absent explicit design-criticism language",,False
CAND_0048,1158629,1158629,392556,"@SpotifyCares searched for Tom Petty on the app for andriod and only 3 albums are available, but full discography is available on ps3.",,APP_TECH_ISSUE,D,,targeted,False,,24,134,"same album catalog shows fewer entries on one platform (Android) than another (PS3) for the same account -- platform-parity technical issue, not a true catalog absence",genuinely novel boundary variant not explicitly covered by existing guide examples; flagged for annotator judgment,False
CAND_0049,786634,786634,307652,"@117153 I still have some issues with Spotify, I can't listen to some people anymore like Katy Perry and Jason Derulo.",,APP_TECH_ISSUE,D,,targeted,False,,8,118,"specific artists' tracks fail to play on one device only, work on desktop -- device-specific playback failure, not catalog absence",,False
CAND_0050,1835542,1835542,550460,@SpotifyCares Songs by Prince and Robin Thicke won't play on my @261409 Blade Z Max.,,APP_TECH_ISSUE,D,,targeted,False,,14,84,"specific tracks won't play on one device model, play fine elsewhere -- playback malfunction, not catalog absence",,False
CAND_0051,2886999,2886999,800620,"@115888 Why are there random audio book chapters in my ""Release Radar"" playlist? https://t.co/reGBQ3Zd5P",,FEATURE_FEEDBACK,E,recommendation_personalization,targeted,False,,2,104,complaint about irrelevant algorithmic recommendations appearing in Release Radar,,False
CAND_0052,2606362,2606362,737369,I really wish there was a way to view your previous @115888 Discover Weekly playlists. I always forget to save songs before monday rolls in,,FEATURE_FEEDBACK,E,recommendation_personalization,targeted,False,,2,139,requests a new capability to view past Discover Weekly playlists,,False
CAND_0053,2627896,2627897,380476,@SpotifyCares Ahh ok maybe add a filter or a way to remove it then makes sense a recommender system :),"Customer: @115888 why has release radar gone from nice house beats to fucking sam smith and chopin? Some developer/ML crap? | SpotifyCares: @380476 Hey there. We're sorry you feel that way. We appreciate your feedback, and we'll be sure to pass it on to the right folks. Also, the more you use Spotify, the more personalized Release Radar becomes. We suggest that you keep on listening to the songs you love /LM",FEATURE_FEEDBACK,E,recommendation_personalization,targeted,True,,4,102,explicitly asks for a filter/control over the recommender system's output,,False
CAND_0054,1854203,1854203,554781,"PSA: @115888 's shuffle algorithm suxx 😒😴
i have 500+ songs in a playlist and the same ones play every time. wtf??",,FEATURE_FEEDBACK,E,recommendation_personalization,targeted,False,,2,114,complains the shuffle algorithm repeats the same songs -- personalization/algorithm behavior complaint,,False
CAND_0055,2944,2944,116391,"Dear @115888 how do i get my discovery playlist to stop suggesting Dutch music to me, it's been a year",,FEATURE_FEEDBACK,E,recommendation_personalization,targeted,False,,2,102,explicit request to stop a recurring unwanted recommendation pattern (foreign-language suggestions),,False
CAND_0056,544585,544585,246539,"Hey @115888 can the suggested songs not overkill the album i am actually keen on pkaying. 
Went:
Track want to hear
Suggested song
Suggested song 
Album track
Suggested song
Album track
Ad
Suggested song
Suggested song
Like really... not to mention the ad song ad crap ive had.",,FEATURE_FEEDBACK,E,recommendation_personalization,targeted,False,,4,277,"questions/criticizes the recommendation ratio algorithm for an album -- borderline metadata-vs-behavior, resolved toward algorithmic behavior",,False
CAND_0057,2917831,2917833,807626,"@SpotifyCares @807627 How do I unlink a deleted Facebook account, it just keeps showing up...",Customer: Why @115888 playing up 😥 | SpotifyCares: @807627 Hey there! Everything should be running smoothly now. Let us know if you're still getting issues /GS,GENERAL_HOW_TO_INFO,G,,targeted,True,,4,93,asking how to unlink an old Facebook connection; account itself is accessible,,False
CAND_0058,2368021,2368021,607403,@spotifycares How can I unlink my spotify account from Facebook?,,GENERAL_HOW_TO_INFO,G,,targeted,False,,4,64,asking how to unlink Facebook from account; no access failure stated,,False
CAND_0059,2622906,2622906,741007,"@115888 serious question, I need to cancel a prime account but I can’t login at all because my Facebook associated with it is gone. How can I cancel if I can’t even log in to the setting or account page?",,ACCOUNT_ACCESS,G,multi_intent,targeted,False,,2,203,framed as 'how can I cancel' but the actual blocker is being unable to log in at all -- login failure dominates,,False
CAND_0060,540363,540363,245360,@SpotifyCares need to cancel my account. Problem is no idea what email was used. Tried them all. How can I cancel. Need help. Thanks,,ACCOUNT_ACCESS,G,multi_intent,targeted,False,,2,132,framed as 'how can I cancel' but blocked by not knowing/recovering the account email -- identity recovery dominates,,False
CAND_0061,2136539,2136539,628507,https://t.co/aFsDoDBU0z how can i cancel monthly spotify on ex girlfriends phone ..she has not canceled it and im paying for it on my debit card,,SUBSCRIPTION_BILLING,"A,G",multi_intent,targeted,False,,2,144,"framed as a how-to cancellation question, but primary ask is stopping an unwanted ongoing charge on a third party's device",,False
CAND_0062,540359,540359,245358,Hey @115888 how can I know which adress is set up in my account? I have signed up in a family plan but some of the members can not sign in.  Not sure if they are writing it incorrectly,,ACCOUNT_ACCESS,G,,targeted,False,,2,184,framed as a how-to question but concerns family-plan members who cannot sign in -- access failure present,,False
CAND_0063,1845703,1845703,196235,"@SpotifyCares Hello, how do I change my postcode in my account. My gf and I have recently moved in together and would like Spotify family😁",,GENERAL_HOW_TO_INFO,G,,targeted,False,,2,138,"simple account-settings how-to question (change postcode), no access failure",,False
CAND_0064,174967,174975,157052,@AppleSupport Still does it after reinstall. @SpotifyCares any help on this?,"Customer: Hey @AppleSupport what’s with this volume thing and the @115888 app when I switch apps on iPhone X? https://t.co/oXvO3qqNcs | SpotifyCares: @157052 We'll do all we can to assist. Is this happening with other apps or only with Spotify? If you use the built-in Music App does it do the same thing? | Customer: @AppleSupport Just with Spotify | SpotifyCares: @157052 It sounds like an issue with that app. Let's start by deleting it and re-adding it from the App Store. If that does not resolve the issue, then DM us. https://t.co/GDrqU22YpT | Customer: @AppleSupport Oh nice! Good idea. 🙏🏻 | SpotifyCares: @157052 Please keep us posted.",APP_TECH_ISSUE,H,short_continuation,targeted,True,,13,76,QA-pass replacement candidate (seed=456 deterministic draw),"REPLACEMENT for tweet_id 1835539 ('Both'): flagged for exact-text overlap with RETRIEVAL pool and being a low-information one-word message. New candidate is substantive, genuinely context-dependent ('Still does it after reinstall'), and resolves via strictly-preceding context to the same short-continuation/APP_TECH_ISSUE purpose.",False
CAND_0065,1835534,1835542,550460,@SpotifyCares https://t.co/pPseUUQ00P for instance and I'm in the USA.,"Customer: @SpotifyCares Songs by Prince and Robin Thicke won't play on my @261409 Blade Z Max. | SpotifyCares: @550460 Hey George, can you send us the Song Link? Just tap the three dots &gt; Share &gt; Copy Link. Also, what country is your account set to? /SY",APP_TECH_ISSUE,H,short_continuation,targeted,True,,14,70,short reply with a link and 'I'm in the USA' resolves via preceding context (country question in a playback-troubleshooting thread),,False
CAND_0066,263524,263528,178803,@SpotifyCares @SpotifyCares What could i do?,"Customer: @SpotifyCares Hello, i have a Problem. The album ""Blyat"" from a German Music Artist should be released on Spotify.  But not in my App.",CONTENT_CATALOG,H,short_continuation,targeted,True,,8,44,"'What could i do?' resolves via preceding context to a content-availability question, plus a geography modifier",geography modifier: Germany,False
CAND_0067,790316,790319,308462,"@SpotifyCares Ah, so rather than being a testing ground, it's actually just specifically for Time Capsule?","Customer: Whoa, new Spotify UI nice https://t.co/N7cagd5nIn | Customer: Oh, it only applies to Time Capsule? @SpotifyCares Doing some A B testing hmm? | SpotifyCares: @308462 Hey! This isn't currently possible to all playlists, but we appreciate the feedback. We'll pass on your thoughts to our devs /AY",FEATURE_FEEDBACK,H,short_continuation,targeted,True,,5,106,clarifying follow-up question resolves via preceding context to an ongoing feature-availability exchange,,False
CAND_0068,2624563,2624563,741398,@SpotifyCares   Is there a phone number I can call someone at,,GENERAL_HOW_TO_INFO,H,,targeted,False,,2,61,"short standalone message, but fully classifiable from text alone (asking for a phone number) -- decoy against the 'short=unknown' trap",,False
CAND_0069,1048606,1048607,367817,"@SpotifyCares No worries, thank you very much!","Customer: @SpotifyCares hi, my song has just recently gone live, but is under someone else’s profile (with the same name) any chance of my own profile | SpotifyCares: @367817 1: Hey Danny, sorry about that! We’d recommend reaching out to your distributor/aggregator. | SpotifyCares: @367817 2:  They'll work with our team to make sure your artist page gets fixed up /NS",UNKNOWN_OTHER,,,targeted,True,conversational/closure,5,46,"pure gratitude/closure, no further request","QA FIX: original row pulled the wrong tweet_id (1048607 is this thread's id, not the intended tweet). Corrected to tweet_id 1048606, the intended 'No worries, thank you very much!' closure message.",False
CAND_0070,526274,526275,241770,@SpotifyCares Nevermind i fixed it,Customer: @SpotifyCares ive been trying to log back into my account to the phone I'm going to use now I'm not sure of my info and it's a paid account i dmed you,UNKNOWN_OTHER,,,targeted,True,conversational/closure,3,34,"self-resolved issue, closing the conversation",,False
CAND_0071,2623503,2623503,721196,"I'm stupid and I just needed to restart my phone, spotify is working fine now.",,UNKNOWN_OTHER,,,targeted,False,conversational/closure,2,78,"self-resolved issue, closing the conversation",,False
CAND_0072,2917914,2917912,807657,"@SpotifyCares Haha, thank you for being here for your users!","Customer: @SpotifyCares Hemmmmm... Is that normal? I tried to disconnect and reconnect, but it doesn’t work... https://t.co/FSF6Co5U1P | SpotifyCares: @807657 Hey Alex! Everything should be running smoothly now. Let us know if this is still happening /GS | Customer: @SpotifyCares Yes! It’s working! Thank you! | SpotifyCares: @807657 No worries! Just give us a shout if the problem persists. We're... https://t.co/zOXI69QSqg /GS",UNKNOWN_OTHER,,,targeted,True,conversational/closure,6,60,"pure gratitude, no further request",,False
CAND_0073,265449,265447,179241,@SpotifyCares Yesss you fixed it! 😍 https://t.co/HvS9R5uQcV,Customer: @SpotifyCares why can’t I control my Spotify on my control centre anymore? 😢 https://t.co/m3mk0pxU7y | SpotifyCares: @179241 Hey Kelvin! Can you let us know the exact iOS and Spotify versions you're using? We'll see what we can suggest /RH | Customer: @SpotifyCares iOS 11.0.3 and Spotify 8.4.25 | SpotifyCares: @179241 Thanks. Can you try logging out &gt; restarting your phone &gt; logging back in? Let us know if that makes a difference /RH,UNKNOWN_OTHER,,,targeted,True,conversational/closure,6,59,"pure closure confirming a fix, no further request",,False
CAND_0074,1417612,1417606,449502,"@SpotifyCares No need, when I search for it now it shows 14 tracks instead of the 12 shown before 😀. Thank you!","Customer: @SpotifyCares why is Rudolph missing? #FinallyItsChristmas @242080 | SpotifyCares: @449502 Hi Saphira! Could you let us know more details on what you're looking for? We'll take a look for you /NJ | Customer: @SpotifyCares It's a song that's missing on Spotify of the #FinallyItsChristmas  album | SpotifyCares: @449502 Can you try checking this link: https://t.co/CuHqraOYri for the missing track? Is it there? /NJ | Customer: @SpotifyCares Yes it""s there, nr 3. How come it doesn't show on my app? | SpotifyCares: @449502 That's odd! Can you let us know the device, operating system, and Spotify version you're running? /PL | Customer: @SpotifyCares It is! My friend in the UK has the same issue. It's a Samsung galaxy S7. Android 7.0. Spotify 8.4.24.871 armV7 | SpotifyCares: @449502 Can you try logging out &gt; restarting your device &gt; logging back in? Let us know if that helps /PL",UNKNOWN_OTHER,,,targeted,True,conversational/closure,10,111,"pure closure ('No need... Thank you!') -- self-resolved CONTENT_CATALOG-flavored issue (missing track now visible), substantive text with rich context, adds thematic diversity to the closure examples","REPLACEMENT for tweet_id 781907 (""Done, thanks!""): flagged for near/normalized retrieval-pool overlap on a generic short closure phrase. New candidate is substantive (not generic), has genuine multi-turn context, and has zero exact/normalized overlap with RETRIEVAL.",False
CAND_0075,265069,265069,179148,@115888 really means it when they say they care! @SpotifyCares Thank you so much for helping me today!,,UNKNOWN_OTHER,,,targeted,False,conversational/closure,2,102,"pure appreciation/closure, no actionable request",,False
CAND_0076,1840697,1840697,551638,https://t.co/EC4KeFFcrZ,,UNKNOWN_OTHER,,,targeted,False,ambiguous,2,23,bare link with no interpretable text and no context,,False
CAND_0077,1730303,1730303,287348,@SpotifyCares I'M CONSIDERING SELLING MY STORY TO YOUR COMPETITORS FOR AN ADVERTISEMENT,,UNKNOWN_OTHER,,,representative,False,irrelevant/off-topic,2,87,QA-pass replacement candidate (seed=456 deterministic draw),"REPLACEMENT for tweet_id 2629128 ('help me @SpotifyCares'): flagged for near-duplicate (normalized) overlap with RETRIEVAL pool and being a low-information generic phrase. New candidate is a substantive, genuine off-topic/irrelevant message unrelated to any Spotify support action, with no retrieval overlap.",False
CAND_0078,1100179,1100179,379579,".@115888 Do you spot it? Never seen a typo on your platform! I guess even YOU can't be perfect..(But you still are to me.) ""Big White Gate"" https://t.co/pYV5pJXmvT",,UNKNOWN_OTHER,,,targeted,False,irrelevant/off-topic,2,163,"casual observation about a text easter egg, not a support request",,False
CAND_0079,2384908,2384908,559405,Heya @SpotifyCares can you recommend me a Friday playlist?,,UNKNOWN_OTHER,,,targeted,False,irrelevant/off-topic,2,58,casual chat asking the support account to personally recommend a playlist -- not a genuine support action,,False
CAND_0080,263526,263528,178803,@SpotifyCares Germany i guess,"Customer: @SpotifyCares Hello, i have a Problem. The album ""Blyat"" from a German Music Artist should be released on Spotify.  But not in my App. | Customer: @SpotifyCares @SpotifyCares What could i do? | SpotifyCares: @178803 Hey there! Just to check, are you referring to Cyka Blyat by DJ Blyatman? /JP | Customer: @SpotifyCares No. Capital Bra | Customer: @SpotifyCares  https://t.co/v7fYDh8Oru | SpotifyCares: @178803 Thanks for clarifying! Just to check, what country is your account set to? /JP",UNKNOWN_OTHER,,,targeted,True,ambiguous,8,29,'Germany i guess' is a genuine answer to a context question but so terse/uncertain in isolation it is included as a hard borderline case for annotator judgment,borderline: could reasonably resolve via context like its sibling 263524; kept as a deliberately hard case,False
CAND_0081,67724,67684,821792,"@SpotifyCares Dear Mr/Ms, already 2 day i'm try to register a new account but can't, why? please help me and thank you.",,ACCOUNT_ACCESS,,closure_vs_actionable,targeted,False,,91,119,contains closing/thanking language ('please help me and thank you') but is a genuine unresolved actionable registration failure -- direct real-world test of Edge Case 4 in the non-closure direction,"sourced from a fan-out thread; candidate is self-contained and requires no preceding context, so it is safe to use per the fan-out exception",True
CAND_0082,2440986,2440986,700059,@117153 paguei Premium e a minha conta está Free.,,SUBSCRIPTION_BILLING,,multilingual,targeted,False,,3,49,Portuguese: 'paguei Premium e a minha conta esta Free' -- paid for Premium but account is Free; near-exact parallel to the guide's own English example,,False
CAND_0083,211091,211091,165998,Tidak bisa save spotify ke SD padahal memory masih available. @118266 @SpotifyCares,,APP_TECH_ISSUE,,multilingual,targeted,False,,16,83,Indonesian: cannot save to SD card despite available memory -- technical malfunction,,False
CAND_0084,1067218,1067218,371847,@191335 merhaba internete bağlı olmama rağmen bu çıkıyor sitenizde uygulamayı silip yükleyin demişsiniz 3 kez yaptım düzelmedi https://t.co/mfnBMDyjqL,,APP_TECH_ISSUE,,multilingual,targeted,False,,2,150,Turkish: reports an app error persisting after being told to reinstall three times,,False
CAND_0085,2385606,2385606,687555,@118266 tadi dapet promo 3 bulan 4.000 kok mau di bayar jadi 49.999 ribuan gimana ini min,,SUBSCRIPTION_BILLING,,"multilingual,promotion_three_way",targeted,False,,2,89,Indonesian: charged full price after a promotional rate was expected -- disputed charge,,False
CAND_0086,44426,44426,125858,"@118266 haiii Spotify.. please help. Akun saya tidak bisa diakses, padahal akun tsb sudah saya daftarkan ke premium. Saya sudah masukkan username dan password yg benar tapi ditolak, saat akan reset password, email saya terdaftar di username lain. Gmn ya? #sedih",,ACCOUNT_ACCESS,,multilingual,targeted,False,,5,261,Indonesian: account inaccessible despite being registered for premium -- access issue,,False
CAND_0087,44402,44402,125852,"Hai @118266, kok gagal terus yaa? Dibilangnya pulsa tidak mencukupi, padahal pulsa lebih dari cukup https://t.co/PnP3gHQRCJ",,SUBSCRIPTION_BILLING,,"multilingual,tech_in_billing_flow",targeted,False,,5,123,Indonesian: payment repeatedly fails claiming insufficient balance despite sufficient balance -- technical error inside a payment flow,,False
CAND_0088,1160844,1160842,393113,@SpotifyCares Thanks! Windows 10 Pro version 1703. Spotify 1.0.66.478.g1296534d,"Customer: @SpotifyCares the audio problems we're having with Windows, Spotify, and Bluetooth devices are really bad. Help?! | SpotifyCares: @393113 Hi Shelly! The cavalry's here. Can you send us a bit more info on what's happening? We'll see what we can do /AU | Customer: @SpotifyCares We’re getting the can’t play current song error. If I remove the speaker then reinstall it, Spotify plays for about a minute. Then stops. | Customer: @SpotifyCares After any Windows update we need to reset the audio playback or Spotify won’t play. | SpotifyCares: @393113 Hmm. Could you let us know the Windows and Spotify versions you're using? We'll see what we can suggest /JO",APP_TECH_ISSUE,,,representative,True,,9,79,"stratified representative-coverage draw for this intent (priority signal-phrase + topic-keyword screen, seed=456)",,False
CAND_0089,207208,207212,165017,@SpotifyCares It’s was after an iOS update,"Customer: What’s wrong with Spotify’s volume? It’s gone all the way down @SpotifyCares | SpotifyCares: @165017 Hey there! What device, operating system, and version of Spotify is this happening on? Let us know - we'll lend a hand /SY | Customer: @SpotifyCares Same as everything on this thread 👇🏾👇🏾

 https://t.co/3FWCYdN3rd | SpotifyCares: @165017 Thanks! If you could tell us the exact iOS version your iPhone is running on, that'd be awesome 😉 /SY | Customer: @SpotifyCares 11.0.2 | SpotifyCares: @165017 Awesome. When did this start happening? Was it after an app or iOS update? /SY",APP_TECH_ISSUE,,,representative,True,,9,42,"stratified representative-coverage draw for this intent (priority signal-phrase + topic-keyword screen, seed=456)",,False
CAND_0090,1517179,1517181,472002,"@SpotifyCares iPhone 6s+, 8.4.20.535","Customer: Hey @115888, long time loyal user, don't turn my autoplay back on after I've turned it off. | SpotifyCares: @472002 Hey Ian, sorry to hear that. Can you let us know the device, operating system, and Spotify version you're using? We'll check backstage /JE",APP_TECH_ISSUE,,,representative,True,,4,36,"stratified representative-coverage draw for this intent (priority signal-phrase + topic-keyword screen, seed=456)",,False
CAND_0091,566276,566277,252746,@SpotifyCares macOS High Sierra 10.13.2 Public Beta (Build 17C79a). Spotify 1.0.68.407.g6864aaaf.,Customer: @115888 @SpotifyCares Why does Spotify on macOS keep opening itself on start up? I have set the advanced setting to No but it keeps resetting itself. Making me mad and I'll switch to Apple Music if this app keeps opening without my permission. | SpotifyCares: @252746 Hey Nick! The cavalry's here. Can you let us know the macOS and Spotify version you're using? We'll see what we can suggest /KB,APP_TECH_ISSUE,,,representative,True,,6,97,"stratified representative-coverage draw for this intent (priority signal-phrase + topic-keyword screen, seed=456)",,False
CAND_0092,1986649,1986649,588070,"Welp I hit the 3,333 offline cap on @115888 today. I have plenty of space left too. Please increase the cap or completely remove it Spotify",,FEATURE_FEEDBACK,,,representative,False,,2,139,"stratified representative-coverage draw for this intent (priority signal-phrase + topic-keyword screen, seed=456)",explicit request to raise/remove the offline-download cap -- corrected from heuristic APP_TECH_ISSUE,False
CAND_0093,877460,877465,328302,@SpotifyCares Even gives this message for songs that I have downloaded as a local file. Music from other artists plays fine https://t.co/mLrOxl8B5A,"Customer: @SpotifyCares For some strange reason Spotify won't let me listen to Emeli Sandé songs | SpotifyCares: @328302 Hey Sander, we'd love to help! Can you let us know what country your account is set to? /JP | Customer: @SpotifyCares The Netherlands | SpotifyCares: @328302 Thanks! Her songs should be available in your country. Can you send us a screenshot of any error messages you're getting? /JP",APP_TECH_ISSUE,,,representative,True,,7,147,"stratified representative-coverage draw for this intent (priority signal-phrase + topic-keyword screen, seed=456)",,False
CAND_0094,2319364,2319364,672273,"If you’re a big company that is serious about your apps and still haven’t shipped a version that supports the bigger iPhone X display then you are definitely doing something wrong. Ping @115888, @1511, @33740, @117634, @91052 etc",,FEATURE_FEEDBACK,,,representative,False,,2,229,"stratified representative-coverage draw for this intent (priority signal-phrase + topic-keyword screen, seed=456)",criticizes missing iPhone X display support -- corrected from heuristic APP_TECH_ISSUE,False
CAND_0095,1336200,1336201,431699,@SpotifyCares Another questions:if I download an album w/ 12 songs does it count as 13 because of the album?I think I read that somewhere but I’m not sure,"Customer: @SpotifyCares I think I’ve asked this before, how many songs can be downloaded before the maximum is reached? #Idownloadtoomanysongs | SpotifyCares: @431699 1: Hey Liam! You can save up to 10k tracks in Your Library. With Premium, you can also download up to 3,333 songs on 3 different devices... | SpotifyCares: @431699 2: for offline listening. There's a suggestion on Spotify Ideas to increase the 3,333 track limit: https://t.co/Z9OErWpTNz /MA",GENERAL_HOW_TO_INFO,,,representative,True,,5,154,"stratified representative-coverage draw for this intent (priority signal-phrase + topic-keyword screen, seed=456)",asking how download-count accounting works -- corrected from heuristic APP_TECH_ISSUE,False
CAND_0096,1928395,1928395,573883,"@117153 
When will your desktop application support IPv6?",,FEATURE_FEEDBACK,,,representative,False,,2,57,"stratified representative-coverage draw for this intent (priority signal-phrase + topic-keyword screen, seed=456)",requests future IPv6 support -- corrected from heuristic APP_TECH_ISSUE,False
CAND_0097,2397299,2397299,689952,@SpotifyCares Any ideas why I can’t listen to Spotify through the Bluetooth in my car after the update?,,APP_TECH_ISSUE,,,representative,False,,4,103,"stratified representative-coverage draw for this intent (priority signal-phrase + topic-keyword screen, seed=456)",,False
CAND_0098,2913925,2913925,806638,@115888 can’t play anything that isn’t downloaded 😤😤😤😤😤 iPhone 7 with the latest app update,,APP_TECH_ISSUE,,,representative,False,,2,91,"stratified representative-coverage draw for this intent (priority signal-phrase + topic-keyword screen, seed=456)",,False
CAND_0099,1036658,1036658,365225,@115888 I think Spotify is great and app is better than Apple Music. I have to move to Apple due lack of Apple Watch support. Help? :(,,FEATURE_FEEDBACK,,,representative,False,,2,134,"stratified representative-coverage draw for this intent (priority signal-phrase + topic-keyword screen, seed=456)",missing Apple Watch platform support -- corrected from heuristic APP_TECH_ISSUE,False
CAND_0100,343656,343656,197794,What is matter with Spotify?? Keep crashing.. searching.. @SpotifyCares,,APP_TECH_ISSUE,,,representative,False,,6,71,"stratified representative-coverage draw for this intent (priority signal-phrase + topic-keyword screen, seed=456)",,False
CAND_0101,199142,199142,162928,"@SpotifyCares Hei S! For like the first time ever in years, the stream is cracking and producing weird noises. Both on LTE and WiFi. Any idea? iOS 11.1 on 6s.",,APP_TECH_ISSUE,,,representative,False,,4,158,"stratified representative-coverage draw for this intent (priority signal-phrase + topic-keyword screen, seed=456)",,False
CAND_0102,2215938,2215938,647447,@115888 hey wanna update your new music?,,UNKNOWN_OTHER,,,representative,False,ambiguous,2,40,"stratified representative-coverage draw for this intent (priority signal-phrase + topic-keyword screen, seed=456)","QA CORRECTED (was APP_TECH_ISSUE, heuristic 'update' match): 'hey wanna update your new music?' does not reliably describe a malfunction, request, or how-to question; genuinely ambiguous.",False
CAND_0103,1442524,1442524,454712,@SpotifyCares 2/2 error message: dit nummer is niet beschikbaar. Als het op je computer staat kun je het importeren. - FYI: OK on phone - tx,,APP_TECH_ISSUE,,,representative,False,,2,140,"stratified representative-coverage draw for this intent (priority signal-phrase + topic-keyword screen, seed=456)",,False
CAND_0104,1053967,1053969,369025,"@SpotifyCares Thanks!

LG G6 - Android 7.0
Spotify version: 8.4.24.871 arm V7","Customer: @SpotifyCares I have my Spotify set to offline mode, but it's playing some songs not downloaded. Help! | SpotifyCares: @369025 Hi Leslie, help's here! Can you let us know your device's make/model, operating system, and Spotify version? /GT",APP_TECH_ISSUE,,,representative,True,,9,77,"stratified representative-coverage draw for this intent (priority signal-phrase + topic-keyword screen, seed=456)",,False
CAND_0105,224859,224857,169721,"@SpotifyCares USA.  The iPhone app says ""an unknown error has occurred.""  I also tried switching phone and laptop from wifi to a phone network.  No change","Customer: @SpotifyCares Can't create an account.  Firefox, Chrome, iPhone:  ""oops something went wrong"".  I give up. | SpotifyCares: @169721 Hey Brandon! Can you try clearing your browser's cache/cookies? See if that helps /RH | Customer: @SpotifyCares Chrome reset to defaults gets an endless spinner.  So does an Incognito window. | SpotifyCares: @169721 Alright. What country are you in? Have you also tried using a different device? That might do the trick /RH",APP_TECH_ISSUE,,,representative,True,,9,154,"stratified representative-coverage draw for this intent (priority signal-phrase + topic-keyword screen, seed=456)",,False
CAND_0106,2757619,2757617,771729,@SpotifyCares So this didn't happen before I updated my phone yesterday. Is there any way around this? If my phone is on silent surely this shouldn't happen?,"Customer: Hi @115888. Why does Spotify Lower the volume for a second when I close out of it or get a notification before going back to normal volume? I have a @132995 3 phone. what is the fix to this? I always have my phone on silent. | SpotifyCares: @771729 Hi Faizan! Can you let us know what Android and Spotify versions you're running? We'll check this out /CE | Customer: @SpotifyCares Spotify 8.4.26.770 armV7.

Oxygen 5.0
Android version 8.0.0 | SpotifyCares: @771729 Thanks for the info. We've checked this out, and this is expected behavior. This is so you don't miss out on any notifications from other apps while listening to your tunes. We'll be sure to pass on your comments to relevant folks /CE",APP_TECH_ISSUE,,,representative,True,,6,157,"stratified representative-coverage draw for this intent (priority signal-phrase + topic-keyword screen, seed=456)",,False
CAND_0107,1089999,1090000,377164,"@SpotifyCares iPhone 6s Plus , iOS 11.0.2, and Spotify version 8.4.20.535","Customer: Why is @115888 skipping like a CD ? Highly confused 🤔 | SpotifyCares: @377164 Hi! We're here to help. What device, operating system, and Spotify version are you using? We'll see what we can suggest /RA",APP_TECH_ISSUE,,,representative,True,,4,73,"stratified representative-coverage draw for this intent (priority signal-phrase + topic-keyword screen, seed=456)",,False
CAND_0108,939996,939996,342831,"@SpotifyCares Hey guys, i cant listen to any Metallica songs on the desktop App, but its available on webplayer / mobile App, can you help?",,APP_TECH_ISSUE,D,,representative,False,,6,139,"stratified representative-coverage draw for this intent (priority signal-phrase + topic-keyword screen, seed=456)","QA: added boundary=D -- Metallica plays on webplayer/mobile but not desktop app, a genuine platform-parity variant of the content-vs-technical boundary.",False
CAND_0109,2317775,2317775,671960,"@SpotifyCares iOS 11.2 b2, playback won’t resume after being paused by call or video in other app. Have to force close Spotify and reopen",,APP_TECH_ISSUE,,,representative,False,,9,137,"stratified representative-coverage draw for this intent (priority signal-phrase + topic-keyword screen, seed=456)",,False
CAND_0110,2859008,2859009,176103,@115888 @SpotifyCares Disregard. Found the link on your website for gifting. I was seeking it via the app previously.,Customer: @115888 @SpotifyCares If I wanted to gift a subscription to someone this fine #CyberMonday - how would I do so? 🎁,UNKNOWN_OTHER,,,representative,True,conversational/closure,3,117,"stratified representative-coverage draw for this intent (priority signal-phrase + topic-keyword screen, seed=456)","QA CORRECTED (was APP_TECH_ISSUE): 'Disregard. Found the link...' is a self-resolved closure message, not an ongoing technical issue.",False
CAND_0111,1978628,1978628,524429,"@115888 any idea why my downloaded playlist just undownloads itself from time to time? Fine driving to work, gone tonight",,APP_TECH_ISSUE,,,representative,False,,2,121,"stratified representative-coverage draw for this intent (priority signal-phrase + topic-keyword screen, seed=456)",,False
CAND_0112,1832902,1832902,549912,My Spotify web player isn't working and it's stuck on this add it lets me click songs and everything but it won't play it.@SpotifyCares,,APP_TECH_ISSUE,,,representative,False,,2,135,"stratified representative-coverage draw for this intent (priority signal-phrase + topic-keyword screen, seed=456)",,False
CAND_0113,387711,387711,207769,@115888 why can't my starred playlist on my iPhone start from the date added?,,FEATURE_FEEDBACK,,,representative,False,,4,77,"stratified representative-coverage draw for this intent (priority signal-phrase + topic-keyword screen, seed=456)","QA CORRECTED (was APP_TECH_ISSUE): asks for a different default sort behavior for starred playlists -- a product-behavior request, not a malfunction report.",False
CAND_0114,1486684,1486684,465259,"@SpotifyCares New search is gr8, but when results are pending due to slow internet, a loading icon would be appreciated! Very frustrating UX",,FEATURE_FEEDBACK,,,representative,False,,2,140,"stratified representative-coverage draw for this intent (priority signal-phrase + topic-keyword screen, seed=456)","QA CORRECTED (was APP_TECH_ISSUE): explicit UX-improvement suggestion ('a loading icon would be appreciated'), not a malfunction report.",False
CAND_0115,627564,627564,268632,Can @115888 please actually play the artist I chose to play and not 5 million other suggested tracks that I have to waste my skips on,,FEATURE_FEEDBACK,E,recommendation_personalization,representative,False,,2,133,"stratified representative-coverage draw for this intent (priority signal-phrase + topic-keyword screen, seed=456)",QA CORRECTED (was APP_TECH_ISSUE): complaint about suggested-track behavior overriding the chosen artist -- an algorithmic-recommendation complaint per the guide's explicit rule.,False
CAND_0116,859650,859650,324106,@115888 where it at?,,UNKNOWN_OTHER,,,representative,False,ambiguous,5,20,"stratified representative-coverage draw for this intent (priority signal-phrase + topic-keyword screen, seed=456)",unknown_subtype auto-assigned by keyword/length heuristic during filler pass -- confirm during human review.,False
CAND_0117,1950858,1950859,579404,@SpotifyCares Still the same. Shows Free sub only ??,"Customer: @SpotifyCares added my son to family group, he has accepted, but his account does not show it as Premium..still says Free. ??? | SpotifyCares: @579404 Hey there! Does logging out, restarting his device, and logging back in help at all? Let us know how that goes /TF",SUBSCRIPTION_BILLING,,,representative,True,,7,52,"stratified representative-coverage draw for this intent (priority signal-phrase + topic-keyword screen, seed=456)",shows Free sub only despite paid entitlement -- corrected from heuristic UNKNOWN,False
CAND_0118,2284053,2284053,663752,You know what would be great? If @115888 would finally offer lossless music quality. 320 kbit/s just aren’t enough... https://t.co/NEB6mtJlI0,,FEATURE_FEEDBACK,,,representative,False,,2,141,"stratified representative-coverage draw for this intent (priority signal-phrase + topic-keyword screen, seed=456)",requests lossless audio quality -- corrected from heuristic UNKNOWN,False
CAND_0119,2268730,2268730,660212,"hello @SpotifyCares , would mind to check and reply my DM please thank you",,UNKNOWN_OTHER,,,representative,False,ambiguous,2,74,"stratified representative-coverage draw for this intent (priority signal-phrase + topic-keyword screen, seed=456)",unknown_subtype auto-assigned by keyword/length heuristic during filler pass -- confirm during human review. QA: subtype corrected from heuristic 'irrelevant/off-topic' to 'ambiguous' -- vague DM-check request with no identifiable topic.,False
CAND_0120,1959613,1959614,581289,@SpotifyCares That's not what i asked ^^ I'm looking for the mp3 file.,"Customer: @115888 Hi ! I'm having a question, where is the file where are all the song i'm downloading ? | SpotifyCares: @581289 Hey Max, help's here! You can find your downloaded music in Your Library under Songs. Check out the picture below for more info /JQ https://t.co/7TE1nSG5Xz",GENERAL_HOW_TO_INFO,,,representative,True,,5,70,"stratified representative-coverage draw for this intent (priority signal-phrase + topic-keyword screen, seed=456)",unknown_subtype auto-assigned by keyword/length heuristic during filler pass -- confirm during human review. QA CORRECTED (was UNKNOWN_OTHER): context shows this is a continuation of a 'where do I find my downloaded music' how-to exchange ('I'm looking for the mp3 file').,False
CAND_0121,2198089,2198091,473996,@SpotifyCares tbf you have given only platitudes.  Yet more time wasted and no service.  You need to SPEAK with your customers.,Customer: @SpotifyCares spent three hours dealing with my hacked account.  now having to waste yet another evening. Won't talk to customers.  #poor | SpotifyCares: @473996 We've just sent you a bit more info over DM. We'll carry on helping out there /CO,UNKNOWN_OTHER,,,representative,True,irrelevant/off-topic,6,127,"stratified representative-coverage draw for this intent (priority signal-phrase + topic-keyword screen, seed=456)",unknown_subtype auto-assigned by keyword/length heuristic during filler pass -- confirm during human review.,False
CAND_0122,1070389,1070389,372579,@SpotifyCares please check your direct messages ASAP. I have an issue with Spotify.,,UNKNOWN_OTHER,,,representative,False,irrelevant/off-topic,2,83,"stratified representative-coverage draw for this intent (priority signal-phrase + topic-keyword screen, seed=456)",unknown_subtype auto-assigned by keyword/length heuristic during filler pass -- confirm during human review.,False
CAND_0123,187562,187565,160022,"@SpotifyCares Oh gee I didn't expect y'all to reply 💀💀
But I appreciate it! ❤️😂","Customer: FUCK U @117168 STOP ADVERTISING 'DEATH DAY' WHILE IM CLEANING THE DISHES @ 3 AM JESUS | Customer: @117168 NOW I CANT DO THE DISHES BC IM TOO SCARED | SpotifyCares: @160022 Hey there! Sorry, we didn't mean to scare you. We'll pass your feedback on to our Ads team /RS",UNKNOWN_OTHER,,,representative,True,conversational/closure,10,79,"stratified representative-coverage draw for this intent (priority signal-phrase + topic-keyword screen, seed=456)",unknown_subtype auto-assigned by keyword/length heuristic during filler pass -- confirm during human review.,False
CAND_0124,2006124,2006124,481621,"I hope we get a Studio Version of ""What about us"". Maybe make it Spotify Single? @234 @115888",,CONTENT_CATALOG,,,representative,False,,9,93,"stratified representative-coverage draw for this intent (priority signal-phrase + topic-keyword screen, seed=456)",wants a specific studio version/single added -- corrected from heuristic UNKNOWN,False
CAND_0125,1850476,1850476,529772,"Hey @115888, can we get all of Lil Wayne’s mixtapes?",,CONTENT_CATALOG,,,representative,False,,2,52,"stratified representative-coverage draw for this intent (priority signal-phrase + topic-keyword screen, seed=456)",wants specific mixtapes added to catalog -- corrected from heuristic UNKNOWN,False
CAND_0126,2239652,2239652,653027,when is #reputation coming to @148611 ?,,CONTENT_CATALOG,,,representative,False,,2,39,"stratified representative-coverage draw for this intent (priority signal-phrase + topic-keyword screen, seed=456)",asking when specific album is coming to catalog -- corrected from heuristic UNKNOWN,False
CAND_0127,2878323,2878324,798922,"@115888 You work with Alexa, right??",Customer: Instant access to millions of songs.,UNKNOWN_OTHER,,,representative,True,irrelevant/off-topic,3,36,"stratified representative-coverage draw for this intent (priority signal-phrase + topic-keyword screen, seed=456)",unknown_subtype auto-assigned by keyword/length heuristic during filler pass -- confirm during human review.,False
CAND_0128,171135,171131,155923,@SpotifyCares What's the best one?,"Customer: @SpotifyCares I can't find my eq settings on my phone! (LG G4) | SpotifyCares: @155923 Hey Caden, thanks for the feedback. We can see how an equalizer setting would be handy, not only for your mobile but also on Spotify! It's definitely something for the team to consider, and we'll make sure it reaches them. Stay awesome 😁 /TI | Customer: @SpotifyCares Didn't you have one? I can't seem to find the settings now tho | SpotifyCares: @155923 Sorry for the confusion! Here are some steps to reach the equalizer setting on Spotify for your Android: Log in to Spotify &gt; Your Library &gt; Settings &gt; Music Quality &gt; Equalizer. Keep in mind these settings vary depending on your device. Let us know how you get on /TI | Customer: @SpotifyCares I don't see it! https://t.co/dtbDvfULQH | SpotifyCares: @155923 Thanks for the screenshot. Spotify uses the native Android equalizer. If your device doesn't have a native equalizer, you won't see the setting in Spotify. You'll need to use one of the third party equalizers available on Google Play. Any questions, just give us a shout /LO",UNKNOWN_OTHER,,,representative,True,ambiguous,8,34,"stratified representative-coverage draw for this intent (priority signal-phrase + topic-keyword screen, seed=456)",unknown_subtype auto-assigned by keyword/length heuristic during filler pass -- confirm during human review. QA: subtype corrected from heuristic 'irrelevant/off-topic' to 'ambiguous' -- 'What's the best one?' has no resolvable referent.,False
CAND_0129,2049949,2049949,606203,hi~ can i ask if we can get a photo of @133324 that fits all the 7 members in the Spotify profile? @115888 @SpotifyCares,,CONTENT_CATALOG,F,,representative,False,,2,120,"stratified representative-coverage draw for this intent (priority signal-phrase + topic-keyword screen, seed=456)","listener wants a group photo corrected on an artist's page -- corrected from heuristic UNKNOWN QA: added boundary=F -- listener asking for a group photo correction on an artist's profile, genuine artist-vs-content boundary example.",False
CAND_0130,326809,326809,193874,Would like to thank @SpotifyCares for being nice enough to credit the month we weren't able to use the service due to #HurricaneMaria.,,UNKNOWN_OTHER,,,representative,False,conversational/closure,2,134,"stratified representative-coverage draw for this intent (priority signal-phrase + topic-keyword screen, seed=456)","unknown_subtype auto-assigned by keyword/length heuristic during filler pass -- confirm during human review. QA: subtype corrected from heuristic 'irrelevant/off-topic' to 'conversational/closure' -- pure thanks for a past accommodation, no active request.",False
CAND_0131,2280200,2280200,662869,@115888 I have a customer support request,,UNKNOWN_OTHER,,,representative,False,ambiguous,5,41,"stratified representative-coverage draw for this intent (priority signal-phrase + topic-keyword screen, seed=456)",unknown_subtype auto-assigned by keyword/length heuristic during filler pass -- confirm during human review. QA: subtype corrected from heuristic 'irrelevant/off-topic' to 'ambiguous' -- announces a request without stating its content.,False
CAND_0132,1906064,1906065,417032,@115888 It feels like they lose data every certain period.,Customer: I have a strong feeling that @115888 often forgets my favorite songs 😐,APP_TECH_ISSUE,,short_continuation,representative,True,,11,58,"stratified representative-coverage draw for this intent (priority signal-phrase + topic-keyword screen, seed=456)","unknown_subtype auto-assigned by keyword/length heuristic during filler pass -- confirm during human review. QA CORRECTED (was UNKNOWN_OTHER): context ('often forgets my favorite songs') clarifies this describes a data/sync loss malfunction, not an unresolvable message.",False
CAND_0133,1699326,1699327,515333,"@SpotifyCares It's working now, nvm. I tried a different browser and it was the same issue.",Customer: @SpotifyCares Website not working today? -- Trying to download the client... :( https://t.co/lU1HJ7FXKk | SpotifyCares: @515333 Hi Andrew! Can you try using a private browser? It's also worth trying on a different device. Let us know how it goes /XF,UNKNOWN_OTHER,,,representative,True,conversational/closure,4,91,"stratified representative-coverage draw for this intent (priority signal-phrase + topic-keyword screen, seed=456)","unknown_subtype auto-assigned by keyword/length heuristic during filler pass -- confirm during human review. QA: subtype corrected from heuristic 'irrelevant/off-topic' to 'conversational/closure' -- self-resolved ('It's working now, nvm').",False
CAND_0134,2240443,2240449,125417,@SpotifyCares Now it's starting up minimized. at least a little bit better but still not what I want.,"Customer: @115888 how can I save the settings in your Mac App? I would like to disable the auto startup ""feature"", but I just won't save the setting. Thx in advance | SpotifyCares: @125417 Hi there. Can you let us know what device, OS X, and Spotify versions you're running? We'll see what we can suggest /LM | Customer: @SpotifyCares MBP 15“ Mid 2017, OS 10.13.1 and it‘s spotify version 1.0.67.582.g19436fa3 | SpotifyCares: @125417 Thanks for the info. Can you try reinstalling the app using the steps here: https://t.co/EqisDMwZAT? Let us know how it plays out /LM | Customer: @SpotifyCares No worries. Sure, I’ll give it a shot after work. Need to debug something now! Thx for your help!",FEATURE_FEEDBACK,,short_continuation,representative,True,,10,101,"stratified representative-coverage draw for this intent (priority signal-phrase + topic-keyword screen, seed=456)","unknown_subtype auto-assigned by keyword/length heuristic during filler pass -- confirm during human review. QA CORRECTED (was UNKNOWN_OTHER): context shows an ongoing request to control app auto-startup behavior; 'still not what I want' is a continuation of that request, not closure.",False
CAND_0135,2725157,2725159,764290,"@SpotifyCares Its a Window10 PC, I've tried everything, forums, the lot, now considering ditching my subscription","Customer: @SpotifyCares Getting clicking and popping sounds on Spotify Premium (1.0.67.582.g19436fa3) Playback, reinstalled, Hardware Acceleration off, High Quality streaming off, 3 X spotify.exe? (PCSpec: https://t.co/oLFEccpXcX) https://t.co/DRmjvxyTJa | SpotifyCares: @764290 Hey Nick! What's the exact Spotify version you're using? Does logging out &gt; restarting your device &gt; logging back in help? /AY | Customer: @SpotifyCares 1.0.67.582.g19436fa3 as it is in my question",APP_TECH_ISSUE,,short_continuation,representative,True,,5,113,"stratified representative-coverage draw for this intent (priority signal-phrase + topic-keyword screen, seed=456)","unknown_subtype auto-assigned by keyword/length heuristic during filler pass -- confirm during human review. QA CORRECTED (was UNKNOWN_OTHER): context shows this is a continuation of an active troubleshooting thread ('tried everything, forums, the lot').",False
CAND_0136,508845,508845,236870,Hi @SpotifyCares I think that N.E.R.D &amp; Rihanna’s ‘Lemon’ would be perfect on the “Today’s Top Hits” Playlist. Please can you add it on behalf of all the navy?,,FEATURE_FEEDBACK,E,,representative,False,,2,163,"stratified representative-coverage draw for this intent (priority signal-phrase + topic-keyword screen, seed=456)","QA: added boundary=E -- wants a specific (already-catalogued) song placed on a curated playlist; curation/placement request, not catalog absence.",False
CAND_0137,2021155,2021156,597736,i would love that @115888 hire me,Customer: do u think i could make playlist making a career,UNKNOWN_OTHER,,,representative,True,irrelevant/off-topic,3,33,"stratified representative-coverage draw for this intent (priority signal-phrase + topic-keyword screen, seed=456)","QA CORRECTED (was FEATURE_FEEDBACK): 'i would love that @115888 hire me' is a joke, not a genuine feature/policy request.",False
CAND_0138,1868960,1868960,558248,@115888 please bring back Julion Alvarez's music. I want to cry to his playlists on my way to work. 😭,,CONTENT_CATALOG,E,,representative,False,,2,101,"stratified representative-coverage draw for this intent (priority signal-phrase + topic-keyword screen, seed=456)","QA CORRECTED (was FEATURE_FEEDBACK): 'bring back [specific artist]'s music' concerns a specific catalog item being unavailable, not a product-behavior change -- distinct from generic 'bring back preview'-style feature requests.",False
CAND_0139,2616773,2616773,739606,Thinking it would be great if @115888 and @1016 collaborated to include songs and reading at 1 monthly price👌,,FEATURE_FEEDBACK,,,representative,False,,2,109,"stratified representative-coverage draw for this intent (priority signal-phrase + topic-keyword screen, seed=456)",,False
CAND_0140,2614482,2614482,739084,"Why isn't there an option to block artists if you don't want them on shuffle its annoying 
@115888 please add an option to block",,FEATURE_FEEDBACK,,,representative,False,,3,128,"stratified representative-coverage draw for this intent (priority signal-phrase + topic-keyword screen, seed=456)",,False
CAND_0141,199164,199164,162934,@115888 When are you going to put @12583 's full Tracker album on please?,,CONTENT_CATALOG,E,,representative,False,,4,73,"stratified representative-coverage draw for this intent (priority signal-phrase + topic-keyword screen, seed=456)","QA CORRECTED (was FEATURE_FEEDBACK): wants a specific album added to the catalog, matches the 'When's lemonade going on Spotify?' pattern.",False
CAND_0142,778555,778555,305916,Hey @115888 you should make your entire aesthetic like the mood booster playlist. 👇👇👇👇 https://t.co/5chsOhRpDJ,,FEATURE_FEEDBACK,,,representative,False,,2,110,"stratified representative-coverage draw for this intent (priority signal-phrase + topic-keyword screen, seed=456)",,False
CAND_0143,2210887,2210887,646208,@SpotifyCares Can you add a prompt to the download button? Way too easy to hit it and lose all your music.,,FEATURE_FEEDBACK,,,representative,False,,2,106,"stratified representative-coverage draw for this intent (priority signal-phrase + topic-keyword screen, seed=456)",,False
CAND_0144,2492522,2487416,710434,@711569 @115888 Haha. I've seen. You should see the map for Apple Music.,Customer: Hey @115888 here's a partial map of your global availability. Not a single person in Africa can access your service. Care to comment? https://t.co/Dty6hzzMJw | SpotifyCares: @710434 Hey Jonathan! We're launching regularly in countries around the world. Sign up here to be first to hear: https://t.co/XDwWzj7cLP /PX | Customer: @710434 @115888 Hehe. You got a reply from an autorespond bot,UNKNOWN_OTHER,,,representative,True,irrelevant/off-topic,5,72,"stratified representative-coverage draw for this intent (priority signal-phrase + topic-keyword screen, seed=456)","QA CORRECTED (was FEATURE_FEEDBACK): sarcastic banter about a competitor's map in a geography-availability thread, not an actionable request.",False
CAND_0145,2052028,2052028,606863,@115888 do me a solid and bring back the spotify app on LG TVs,,FEATURE_FEEDBACK,,,representative,False,,4,62,"stratified representative-coverage draw for this intent (priority signal-phrase + topic-keyword screen, seed=456)",,False
CAND_0146,2289771,2289771,449034,@115888 @117168 Needs to bring back lyrics! &amp; should also incorporate hem to the app!,,FEATURE_FEEDBACK,,,representative,False,,2,89,"stratified representative-coverage draw for this intent (priority signal-phrase + topic-keyword screen, seed=456)",,False
CAND_0147,426789,426789,216507,i wish there was a function to block an artist in @115888 so you avoid them popping up in your generated playlists and radios ..,,FEATURE_FEEDBACK,,,representative,False,,6,128,"stratified representative-coverage draw for this intent (priority signal-phrase + topic-keyword screen, seed=456)",,False
CAND_0148,339551,339552,197083,@SpotifyCares if you care please add Expensive Girl by Kim Namjoon onto Spotify,Customer: expensive girl isn't on Spotify https://t.co/EfF3kyO2C4,CONTENT_CATALOG,E,,representative,True,,3,79,"stratified representative-coverage draw for this intent (priority signal-phrase + topic-keyword screen, seed=456)","QA CORRECTED (was FEATURE_FEEDBACK): wants a specific song added to the catalog, not a product-behavior change.",False
CAND_0149,674465,674466,280852,@SpotifyCares You should also do music video support. Spotify would be a even bigger power house. 😎👌🏾,Customer: @115888 make the select a track option for iPhone the same as on the iPad. Just limit the amount of times you can select a track &amp; skip. 〽️ | SpotifyCares: @280852 Hey! We can see how that’d be handy. Thanks for taking the time to reach out – your feedback's been noted 📝 /TC,FEATURE_FEEDBACK,,,representative,True,,5,101,"stratified representative-coverage draw for this intent (priority signal-phrase + topic-keyword screen, seed=456)",,False
CAND_0150,2841195,2841195,790578,@SpotifyCares I have a family plan but when another registered user wants to listen my account pauses and said someone is using my account somewhere else. I also would love to change my account username to something other than a bunch of numbers,,APP_TECH_ISSUE,,multi_intent,representative,False,,4,245,"stratified representative-coverage draw for this intent (priority signal-phrase + topic-keyword screen, seed=456)","QA CORRECTED (was FEATURE_FEEDBACK): primary complaint is a malfunctioning concurrent-session/pause behavior on a family plan; the secondary 'would love to change username' request is a minor FEATURE_FEEDBACK-flavored add-on, not the primary support need.",False
CAND_0151,1758258,1758258,529318,"@SpotifyCares If i buy spotify gift cards, does it work for the family plan?",,GENERAL_HOW_TO_INFO,,,representative,False,,5,76,"stratified representative-coverage draw for this intent (priority signal-phrase + topic-keyword screen, seed=456)",asking whether gift cards work with family plan -- corrected from heuristic SUBSCRIPTION_BILLING,False
CAND_0152,1914366,1914366,570231,Curious how one gets the @25186 @115888 presale code... I’m a subscriber and a fan 😔,,GENERAL_HOW_TO_INFO,,,representative,False,,3,84,"stratified representative-coverage draw for this intent (priority signal-phrase + topic-keyword screen, seed=456)",asking how to get a presale code -- corrected from heuristic SUBSCRIPTION_BILLING,False
CAND_0153,1366571,1366572,438117,"@SpotifyCares nah the payment is not pending, its been deducted","Customer: @117153 i have been verified for student account but my premium is yet to be active, and the $5 have been debited from my account. my username is uclawrence. thanks | SpotifyCares: @438117 Hey! If the payment shows as pending, this could explain things: https://t.co/fD7edjmoxr. Any questions, give us a shout /ND",SUBSCRIPTION_BILLING,,,representative,True,,5,63,"stratified representative-coverage draw for this intent (priority signal-phrase + topic-keyword screen, seed=456)",,False
CAND_0154,1900609,1900609,566392,"@117153  

I was charged the annual subscription but the premin does not work for me",,SUBSCRIPTION_BILLING,,,representative,False,,2,84,"stratified representative-coverage draw for this intent (priority signal-phrase + topic-keyword screen, seed=456)",,False
CAND_0155,1807209,1807209,542932,Thanks @115888 you guys didn't have my school as an option for the student premium but you still charged me $4.99. Tnx,,SUBSCRIPTION_BILLING,,,representative,False,,2,118,"stratified representative-coverage draw for this intent (priority signal-phrase + topic-keyword screen, seed=456)",,False
CAND_0156,689585,689585,284784,"@115888 I am paying the full amount each month but I am a student with a NUS card, am I able to have this applied please? #student#music",,GENERAL_HOW_TO_INFO,,,representative,False,,2,136,"stratified representative-coverage draw for this intent (priority signal-phrase + topic-keyword screen, seed=456)",QA CORRECTED (was SUBSCRIPTION_BILLING): 'am I able to have this applied' is an eligibility question with no stated charge dispute.,False
CAND_0157,765647,765647,302987,"@115888 I’m trying to update my payment method, but it keeps bringing me the student thing.. but I want premium. And am not a student",,APP_TECH_ISSUE,,tech_in_billing_flow,representative,False,,2,133,"stratified representative-coverage draw for this intent (priority signal-phrase + topic-keyword screen, seed=456)","QA CORRECTED (was SUBSCRIPTION_BILLING): describes the payment-method flow incorrectly routing to a student-verification screen -- a technical flow error, not a billing dispute.",False
CAND_0158,560014,560014,250964,"@SpotifyCares please help me, i have a trouble joining the premium for family member. i forgot the exact address used, what should i do?",,ACCOUNT_ACCESS,,,representative,False,,3,136,"stratified representative-coverage draw for this intent (priority signal-phrase + topic-keyword screen, seed=456)","QA CORRECTED (was SUBSCRIPTION_BILLING): the stated blocker is forgetting the account email/address used, an identity-recovery issue, not a billing dispute.",False
CAND_0159,1960584,1960584,581508,"@SpotifyCares my bfs Spotify works but mine doesn't and we are on a family plan , this is the second time this happened and you have no #",,APP_TECH_ISSUE,,,representative,False,,2,137,"stratified representative-coverage draw for this intent (priority signal-phrase + topic-keyword screen, seed=456)","QA CORRECTED (was SUBSCRIPTION_BILLING): describes a malfunction (family-plan member's Spotify not working, recurring), not a billing dispute.",False
CAND_0160,2756263,2756263,748209,@SpotifyCares I'm having issues  getting premium for students,,SUBSCRIPTION_BILLING,,,representative,False,,2,61,"stratified representative-coverage draw for this intent (priority signal-phrase + topic-keyword screen, seed=456)",,False
CAND_0161,2125232,2125232,625875,@115888 what do I gotta do to get the DVSN presale code? Outside of already paying a premium monthly service?,,UNKNOWN_OTHER,,,representative,False,irrelevant/off-topic,4,109,"stratified representative-coverage draw for this intent (priority signal-phrase + topic-keyword screen, seed=456)",off-topic presale-code request unrelated to a Spotify support action -- corrected from heuristic SUBSCRIPTION_BILLING unknown_subtype auto-assigned by keyword/length heuristic during filler pass -- confirm during human review.,False
CAND_0162,2070027,2070027,612177,@SpotifyCares Yo didn't I see a commercial saying premium is 50% off w/  Capital One QuikSilver card? You're charging me full price.,,SUBSCRIPTION_BILLING,,,representative,False,,2,132,"stratified representative-coverage draw for this intent (priority signal-phrase + topic-keyword screen, seed=456)",,False
CAND_0163,172534,172534,156324,@115888 @2069 Why do you have paypal as option to pay in US and not in Brazil?,,GENERAL_HOW_TO_INFO,,,representative,False,,2,78,"stratified representative-coverage draw for this intent (priority signal-phrase + topic-keyword screen, seed=456)","QA CORRECTED (was SUBSCRIPTION_BILLING): asks why a payment method is unavailable by region -- an informational/geography question, no disputed charge stated.",False
CAND_0164,727009,727009,294147,@SpotifyCares I put my card details in to upgrade to Premium for a trial. I have now been charged for a years subscription! Please cancel.,,SUBSCRIPTION_BILLING,,,representative,False,,2,138,"stratified representative-coverage draw for this intent (priority signal-phrase + topic-keyword screen, seed=456)",,False
CAND_0165,2310896,2310896,670204,@117153 I've been charged for premium family but am not getting it on my app; already tried updating app and logging out/ back in,,SUBSCRIPTION_BILLING,,,representative,False,,2,129,"stratified representative-coverage draw for this intent (priority signal-phrase + topic-keyword screen, seed=456)",,False
CAND_0166,1875268,1875268,559821,@115888 I can’t log into my account. I am sure of my username etc yet it is telling my I am no associated with Spotify. What is going on?,,ACCOUNT_ACCESS,,,representative,False,,2,137,"stratified representative-coverage draw for this intent (priority signal-phrase + topic-keyword screen, seed=456)",,False
CAND_0167,877450,877450,328298,@115888 for some reason it's saying my account isn't an active one 🤔 please help :-),,ACCOUNT_ACCESS,,,representative,False,,2,84,"stratified representative-coverage draw for this intent (priority signal-phrase + topic-keyword screen, seed=456)",,False
CAND_0168,1705041,1705041,516800,@SpotifyCares I'm trying to update my account info. It refers me to make the change on Facebook but that info is up to date.,,ACCOUNT_ACCESS,,,representative,False,,2,124,"stratified representative-coverage draw for this intent (priority signal-phrase + topic-keyword screen, seed=456)",,False
CAND_0169,2420496,2420496,483898,"@115888 Good morning, this morning my account is now set as free when I pay my Mobile Provider for the account (Fido.ca) What's wrong?",,SUBSCRIPTION_BILLING,,,representative,False,,2,134,"stratified representative-coverage draw for this intent (priority signal-phrase + topic-keyword screen, seed=456)","QA CORRECTED (was ACCOUNT_ACCESS): account shows as Free despite active payment, matches the paid-entitlement-not-received pattern directly.",False
CAND_0170,2787996,2787996,778297,@SpotifyCares Hi guys! I am unable to access into my account and the screen says that I've been abroad for 14 days. What can I do to recover my account? Thanks.,,ACCOUNT_ACCESS,,,representative,False,,2,160,"stratified representative-coverage draw for this intent (priority signal-phrase + topic-keyword screen, seed=456)",,False
CAND_0171,339556,339556,196548,"Hey @SpotifyCares , your email reset link that's sent in emails is FRENCH.",,ACCOUNT_ACCESS,,tech_in_billing_flow,representative,False,,2,74,"stratified representative-coverage draw for this intent (priority signal-phrase + topic-keyword screen, seed=456)",,False
CAND_0172,1898838,1898839,565914,"@SpotifyCares Account, so you may need to update your payment details"" Then there's a button link to update my payment details?","Customer: @SpotifyCares I've had an email telling me payment has failed, however I've never signed up to pay for Spotify, can someone help urgently!!",SUBSCRIPTION_BILLING,,,representative,True,,3,127,"stratified representative-coverage draw for this intent (priority signal-phrase + topic-keyword screen, seed=456)","QA CORRECTED (was ACCOUNT_ACCESS): fragment explicitly references being told to update payment details. NOTE: low-clarity/fragmentary candidate (appears to quote an in-app message) -- flagged for extra annotator attention, not replaced outright since the payment-details reference is concrete enough to interpret.",False
CAND_0173,2544113,2544113,723219,"@SpotifyCares if we use fb as spotify login acct, what happened if that fb acct is deleted? Would the acct still work well with the email that use for the fb acct? Thanks",,GENERAL_HOW_TO_INFO,,,representative,False,,2,170,"stratified representative-coverage draw for this intent (priority signal-phrase + topic-keyword screen, seed=456)","hypothetical informational question, no current problem -- corrected from heuristic ACCOUNT_ACCESS",False
CAND_0174,1269717,1269717,417283,@115888 Hey! Please can someone help me upgrade to a multiple device account? #familyfightingoverspotify 😂,,SUBSCRIPTION_BILLING,,,representative,False,,3,106,"stratified representative-coverage draw for this intent (priority signal-phrase + topic-keyword screen, seed=456)",wants to upgrade to a multi-device plan -- corrected from heuristic ACCOUNT_ACCESS,False
CAND_0175,2794551,2794551,779857,@SpotifyCares account won’t log in. Can’t access emails and change password. Please help,,ACCOUNT_ACCESS,,,representative,False,,2,88,"stratified representative-coverage draw for this intent (priority signal-phrase + topic-keyword screen, seed=456)",,False
CAND_0176,1043550,1043550,366773,@SpotifyCares so my student discount has run for a year yet I’ve only just been found that out and I had no email I say it would go to £9.99 after that! and I’m in education for another 3 years so how can I get it again?,,GENERAL_HOW_TO_INFO,,,representative,False,,2,220,"stratified representative-coverage draw for this intent (priority signal-phrase + topic-keyword screen, seed=456)",,False
CAND_0177,1471765,1471766,461628,@SpotifyCares It will take all of one artist and not start it until toward the end of the shuffle every time. Is there a way to make it simply random?,"Customer: I'm having issues with your shuffle function on Android. If I have multiple artists in a playlist, shuffle isn't very random. @SpotifyCares",FEATURE_FEEDBACK,E,recommendation_personalization,representative,True,,7,150,"stratified representative-coverage draw for this intent (priority signal-phrase + topic-keyword screen, seed=456)","QA CORRECTED (was GENERAL_HOW_TO_INFO): complaint about shuffle repeating one artist before randomizing -- an algorithmic-shuffle-behavior complaint per the guide's recommendation/personalization rule, not a how-to question.",False
CAND_0178,2653056,2653056,358962,How do I unlink my @115888 account from devices I don’t use?,,GENERAL_HOW_TO_INFO,,,representative,False,,4,60,QA-pass replacement candidate (seed=456 deterministic draw),"REPLACEMENT for tweet_id 758899 ('How do I fix this? They all have different names [image link]'): the original message's interpretability depends entirely on an image that cannot be verified, so a confident intent label could not be reliably assigned. New candidate is a self-contained, unambiguous how-to question needing no external image.",False
CAND_0179,1264086,1264086,297245,How to get your podcast on @115888 and how much does it cost? #podcasts,,GENERAL_HOW_TO_INFO,,,representative,False,,4,71,"stratified representative-coverage draw for this intent (priority signal-phrase + topic-keyword screen, seed=456)",,False
CAND_0180,1160869,1160869,393118,"@SpotifyCares I just signed up for Premium Family, entered the wrong Zip code. Changed in FB, but did change in Spotify. How do I fix this?",,GENERAL_HOW_TO_INFO,,,representative,False,,3,139,"stratified representative-coverage draw for this intent (priority signal-phrase + topic-keyword screen, seed=456)",,False
CAND_0181,563522,563522,251954,@SpotifyCares I see this great offer but how do I switch my account to it? No link in the add promo. https://t.co/FxLVuTyqUA,,GENERAL_HOW_TO_INFO,,,representative,False,,3,124,"stratified representative-coverage draw for this intent (priority signal-phrase + topic-keyword screen, seed=456)",,False
CAND_0182,1794735,1794735,539309,@SpotifyCares Trouble moving Spot App to SD card... how to do on Samsung S5,,GENERAL_HOW_TO_INFO,,,representative,False,,2,75,"stratified representative-coverage draw for this intent (priority signal-phrase + topic-keyword screen, seed=456)",,False
CAND_0183,2095103,2095103,127469,@125633 I know how to add a playlist to my profile but is it possible to create it as the artist and not as my personal account?,,ARTIST_SUPPORT,,artist_profile_metadata,representative,False,,2,128,"stratified representative-coverage draw for this intent (priority signal-phrase + topic-keyword screen, seed=456)","QA CORRECTED (was GENERAL_HOW_TO_INFO): asks how to create a playlist 'as the artist' rather than as a personal account -- a creator-side workflow question, not a listener how-to question.",False
CAND_0184,492383,492383,232358,@3493 all my ads are in German how do I fix this?,,APP_TECH_ISSUE,,,representative,False,,4,49,"stratified representative-coverage draw for this intent (priority signal-phrase + topic-keyword screen, seed=456)","QA CORRECTED (was GENERAL_HOW_TO_INFO): ads appearing in the wrong language is a localization malfunction, not a settings how-to question.",False
CAND_0185,2080754,2080754,615319,@115888 - my son has lost all account details &amp; his phone.  How do I cancel Premium plse as he's also broken his phone &amp; I'm paying for it!,,SUBSCRIPTION_BILLING,,,representative,False,,2,147,"stratified representative-coverage draw for this intent (priority signal-phrase + topic-keyword screen, seed=456)","QA CORRECTED (was GENERAL_HOW_TO_INFO): explicit request to cancel Premium because the customer is paying for it -- a subscription-cancellation action, not a how-to question.",False
CAND_0186,1658868,1658868,506118,"@SpotifyCares Hi, is there a way to exclude songs in some certain languages from getting into my Discover weekly playlist?",,FEATURE_FEEDBACK,E,recommendation_personalization,representative,False,,4,122,"stratified representative-coverage draw for this intent (priority signal-phrase + topic-keyword screen, seed=456)",QA CORRECTED (was GENERAL_HOW_TO_INFO): wants control over what appears in an algorithmic playlist -- a personalization-control request per the guide's explicit rule.,False
CAND_0187,2183058,2183063,639474,"@SpotifyCares I get that it’s a great showcase for new music and labels want their tracks on it, however, it would be great to still keep the mix of old, or give us another discover playlist for older/classic (not brand new) tracks. Happy with either option","Customer: @116130 Why no old music any more in my Discover Weekly playlist?  All/nearly all new stuff ☹️ | SpotifyCares: @639474 Hey, sorry to hear Discover Weekly wasn’t to your liking this week! It’ll be re-tuned on Monday. Check out Daily Mix in the meantime /JM | Customer: @SpotifyCares I know that, my point was that it used to be half year new music and half older songs that it thought I’d like, now it’s all new, every week | SpotifyCares: @639474 It actually depends on your listening habits. However, if you're also listening to other songs aside from new music, let us know /JM | Customer: @SpotifyCares I listen to new and old music and the playlist used to throw up a real mix of old and new but now it’s nearly all new, I’m not convinced my listening habits are to blame. Are you sure the power of record labels and pluggers isn’t a more likely reason?",FEATURE_FEEDBACK,E,recommendation_personalization,representative,True,,9,257,"stratified representative-coverage draw for this intent (priority signal-phrase + topic-keyword screen, seed=456)","QA CORRECTED (was CONTENT_CATALOG): wants a second/alternate algorithmic discovery playlist for older music -- a personalization/behavior request, not a missing-content report.",False
CAND_0188,2175409,2175409,637765,@SpotifyCares why did 397 of my songs just decide to uninstall?,,APP_TECH_ISSUE,,,representative,False,,2,63,"stratified representative-coverage draw for this intent (priority signal-phrase + topic-keyword screen, seed=456)",QA CORRECTED (was CONTENT_CATALOG): '397 of my songs just decide to uninstall' is a direct match to the guide's own 'downloaded songs keep disappearing' malfunction example.,False
CAND_0189,1453978,1453978,387828,Hey @115888 do jazz musicians a favour by adding a search category for jazz standards instead of dumping recordings of a tune in 'songs',,FEATURE_FEEDBACK,E,,representative,False,,2,136,"stratified representative-coverage draw for this intent (priority signal-phrase + topic-keyword screen, seed=456)","QA CORRECTED (was CONTENT_CATALOG): wants a new search/browse category -- a product-behavior change per the guide's explicit 'new way to browse, sort, filter' -> FEATURE_FEEDBACK rule.",False
CAND_0190,2139004,2139004,629098,"@115888 why does my playlist start over every time I get out of my car , then leave again? #aggrivated",,APP_TECH_ISSUE,,,representative,False,,9,102,"stratified representative-coverage draw for this intent (priority signal-phrase + topic-keyword screen, seed=456)",playlist unexpectedly resets -- corrected from heuristic CONTENT_CATALOG,False
CAND_0191,1876063,1876063,560061,"Hey @115888 , if I make a playlist of Blade Runner 2049 songs ""All About That Bass"" is not a thematically appropriate suggested song.",,FEATURE_FEEDBACK,,recommendation_personalization,representative,False,,3,133,"stratified representative-coverage draw for this intent (priority signal-phrase + topic-keyword screen, seed=456)",algorithmic-recommendation-mismatch complaint -- corrected from heuristic CONTENT_CATALOG,False
CAND_0192,1250620,1250622,413413,@SpotifyCares Well when I try to play music it says it can't play at the moment And when it does play it plays 1 song then it stops after the song is over,Customer: @115888 Is being a bitch | SpotifyCares: @413413 Hey. This doesn't sound good. What issues are you having and on what device? We'll see what we can suggest /MG,APP_TECH_ISSUE,,,representative,True,,8,154,"stratified representative-coverage draw for this intent (priority signal-phrase + topic-keyword screen, seed=456)",playback stops after one song -- corrected from heuristic CONTENT_CATALOG,False
CAND_0193,113822,113815,141280,@SpotifyCares I want A Button you press and then all the songs on your playlist change places randomly.,"Customer: @115888 can you please add a ""mix-button""? So you can mix the songs on you're playlist? | SpotifyCares: @141280 Hey Vincent, help has arrived! Can you tell us exactly what you'd like to do? We'll see what we can suggest /RK | Customer: @SpotifyCares I want A ""mix-button"" so the songs mix in your playlist. It's very tuff to change all the song by your shelf. It takes a long time. | SpotifyCares: @141280 Got it! If you're on Premium, you can play your awesome tunes randomly by turning on the shuffle button. Check out this link on how to find it, and more ways to play your awesome tunes: https://t.co/Um7DQ7RV6o. Hope this helps /LS | Customer: @SpotifyCares I mean so places of the songs changes. Do you understand? | SpotifyCares: @141280 Sorry for the confusion!  If you want to sort the songs in your playlist, you can find the steps here: https://t.co/5hjtm5AdqM. Is this what you were looking for? /LS | Customer: @SpotifyCares I mean that all the songs mixes when you press the ""mix-Burton"". It takes A long time to move them around by you Shelf. | Customer: @SpotifyCares Button* | SpotifyCares: @141280 Hmm. To make sure we're on the same page, do you want to sort your songs in a specific order? /LS",FEATURE_FEEDBACK,,,representative,True,,11,103,"stratified representative-coverage draw for this intent (priority signal-phrase + topic-keyword screen, seed=456)",requests a new shuffle-button capability -- corrected from heuristic CONTENT_CATALOG,False
CAND_0194,250748,250748,175595,@SpotifyCares got a question. Does behind the lyrics work on samsung galaxy s5 ?,,GENERAL_HOW_TO_INFO,,,representative,False,,10,80,"stratified representative-coverage draw for this intent (priority signal-phrase + topic-keyword screen, seed=456)",asking if a feature works on a specific device -- corrected from heuristic CONTENT_CATALOG,False
CAND_0195,2059817,2059817,536056,"Anyone or @115888 know why the plays on some tracks are ""&lt;1,000"" #ThingsThatMakeYouGoHmmm #spotify",,CONTENT_CATALOG,,,representative,False,,2,101,"stratified representative-coverage draw for this intent (priority signal-phrase + topic-keyword screen, seed=456)",,False
CAND_0196,2747462,2747463,769323,Like what's the best song from The Cure - Bloodflowers @115888? Tell me.,Customer: Spotify should let you view song rankings at an album level. Popular section is awesome but 10 songs is not enough for artists with careers that span decades.,UNKNOWN_OTHER,,,representative,True,irrelevant/off-topic,3,72,"stratified representative-coverage draw for this intent (priority signal-phrase + topic-keyword screen, seed=456)","casual chat request, not a support action -- corrected from heuristic CONTENT_CATALOG unknown_subtype auto-assigned by keyword/length heuristic during filler pass -- confirm during human review.",False
CAND_0197,1865839,1865839,557431,".@115888 Any idea why @38290's Track ""When You Come Back Down"" is unavailable?",,CONTENT_CATALOG,,,representative,False,,2,78,"stratified representative-coverage draw for this intent (priority signal-phrase + topic-keyword screen, seed=456)",,False
CAND_0198,830834,830834,317844,@115888 I need the new st vincent album right nOW,,CONTENT_CATALOG,,,representative,False,,2,49,"stratified representative-coverage draw for this intent (priority signal-phrase + topic-keyword screen, seed=456)",,False
CAND_0199,1526258,1526257,473999,"@SpotifyCares But still, if a normal playlist can have over 10,000 songs, why can’t the Songs section do the same?","Customer: Officially hit the arbitrary 10,000 song library limit in Spotify. Just don’t understand why they do things like this. @SpotifyCares | SpotifyCares: @473999 Hey there! We can see how that can be useful. You can vote for the official idea here: https://t.co/8OOl8B2i69 /LS | Customer: @SpotifyCares Noted and voted. I still use the old Starred playlist as well so it’s not the end of the world.",FEATURE_FEEDBACK,E,,representative,True,,5,114,"stratified representative-coverage draw for this intent (priority signal-phrase + topic-keyword screen, seed=456)","QA CORRECTED (was CONTENT_CATALOG): wants the Songs-section size limit changed, matching the guide's 'Remove my music limits! It's dumb' -> FEATURE_FEEDBACK example directly.",False
CAND_0200,1942805,1942807,577674,"@SpotifyCares It’s usually okay, but now every 5 minutes or so random music blares out (on full volume) - for headphone users like me, it’s horrible.","Customer: @SpotifyCares could you please get rid of the (very) annoying adverts that play whilst I’m listening to music - it’s making me deaf. | SpotifyCares: @577674 Hey there! Ads help keep the Free service free. For now, check out https://t.co/zgnxs5kPEu if you haven't had a subscription before /AR | Customer: @SpotifyCares Understood - but adverts playing simultaneously with the music just doesn’t work, and apparently this shouldn’t be occurring.",APP_TECH_ISSUE,,,representative,True,,13,149,QA-pass top-up candidate (seed=456 deterministic draw) to restore total to exactly 200 after a bug-fix collision reduced the count to 199.,,False
